latitude,longitude,distances,ind,fotogram,section,final_classes,ind2,score,boxes,class_id,area,center,height,width,total_area,fail_id_section,type,class_id_readable
,,,0,0,,D20,0,0.4723771810531616,"[0.30807918310165405, 0.7067233324050903, 0.3773806691169739, 0.932147204875946]",D20,3599.35703321662,"(524.4385719299316, 123.38277339935303)",81.15259408950806,44.35295104980469,230400,0,F,Piel de cocodrilo
,,,1,4,,D20,1,0.21542230248451233,"[0.26921921968460083, 0.6406624913215637, 0.40370291471481323, 0.8916795253753662]",D20,7777.7736779704355,"(490.3494453430176, 121.12598419189453)",90.3661322593689,86.06956481933594,230400,1,F,Piel de cocodrilo
,,,2,8,,D20,2,0.38879722356796265,"[0.4089900851249695, 0.6398857831954956, 0.5841180682182312, 0.9183341264724731]",D20,11235.247892065672,"(498.63037109375, 178.75946760177612)",100.24140357971191,112.0819091796875,230400,2,F,Piel de cocodrilo
,,,3,11,,D44,3,0.3329988420009613,"[0.07608203589916229, 0.566491425037384, 0.3363305628299713, 0.9436251521110535]",D44,22613.413691945832,"(483.2373046875, 74.23426777124405)",135.768141746521,166.55905723571777,230400,39,F,Desenfoque de linea blanca
,,,4,12,,D20,5,0.4180872142314911,"[0.1674250066280365, 0.6934331059455872, 0.6172151565551758, 0.9159647822380066]",D20,23061.324912331384,"(515.00732421875, 141.2352293729782)",80.111403465271,287.86569595336914,230400,3,F,Piel de cocodrilo
,,,4,12,,D44,4,0.5502332448959351,"[0.002292728517204523, 0.5834077000617981, 0.2546817660331726, 0.9423313736915588]",D44,20871.56748190712,"(488.2365036010742, 46.25540901906788)",129.21252250671387,161.52898401021957,230400,39,F,Desenfoque de linea blanca
,,,5,13,,D44,6,0.5516740083694458,"[0.0001152873010141775, 0.6414197087287903, 0.12447307258844376, 0.9458202123641968]",D44,8721.69349765877,"(507.91677474975586, 22.425904780102428)",109.58418130874634,79.58898258395493,230400,39,F,Desenfoque de linea blanca
,,,6,14,,D00,7,0.3485671877861023,"[0.40108785033226013, 0.5929300785064697, 0.6387577056884766, 0.7921535968780518]",D00,10909.30747275197,"(443.2267761230469, 187.1722000837326)",71.72046661376953,152.10870742797852,230400,181,F,Grieta Vertical
,,,7,15,,D00,8,0.30359604954719543,"[0.4099552035331726, 0.6087014675140381, 0.730219841003418, 0.9281150698661804]",D00,23569.201511510164,"(491.7812919616699, 205.2315080165863)",114.98889684677124,204.96936798095703,230400,181,F,Grieta Vertical
,,,8,16,,D20,9,0.3788665235042572,"[0.2819673418998718, 0.6149131655693054, 0.7894889712333679, 0.9331374168395996]",D20,37210.911090769514,"(495.3761863708496, 192.86213636398315)",114.56073045730591,324.8138427734375,230400,4,F,Piel de cocodrilo
,,,9,17,,D20,10,0.36871203780174255,"[0.23839397728443146, 0.6195091009140015, 0.818403422832489, 0.9261687397956848]",D20,40980.208232386416,"(494.6169090270996, 190.22353202104568)",110.397469997406,371.20604515075684,230400,4,F,Piel de cocodrilo
,,,10,18,,D20,11,0.24123598635196686,"[0.13542726635932922, 0.6468826532363892, 0.8393213152885437, 0.9295054078102112]",D20,45834.96384840851,"(504.4441795349121, 175.45474469661713)",101.74419164657593,450.49219131469727,230400,4,F,Piel de cocodrilo
,,,11,19,,D10,12,0.3445296585559845,"[0.619299054145813, 0.6516926884651184, 0.8334599733352661, 0.7282938361167908]",D10,3779.7055930481292,"(441.59568786621094, 261.49662494659424)",27.57641315460205,137.06298828125,230400,338,F,Grieta e Intervalo Lineal Transversal
,,,12,20,,D20,13,0.242322638630867,"[0.40555351972579956, 0.6657785773277283, 0.8575347065925598, 0.9216746091842651]",D20,26648.108281269924,"(507.9850196838379, 227.3558807373047)",92.12257146835327,289.26795959472656,230400,5,F,Piel de cocodrilo
,,,13,21,,D20,14,0.27687814831733704,"[0.43639564514160156, 0.6685700416564941, 0.8665782809257507, 0.9238717555999756]",D20,25303.994317305842,"(509.5813751220703, 234.5353066921234)",91.90861701965332,275.31688690185547,230400,5,F,Piel de cocodrilo
,,,14,23,,D00,15,0.27998384833335876,"[0.6234257817268372, 0.7367168664932251, 0.782355785369873, 0.8915186524391174]",D00,5668.450192357432,"(521.0353660583496, 253.04068207740784)",55.72864294052124,101.71520233154297,230400,182,F,Grieta Vertical
,,,15,26,,D10,16,0.4162347912788391,"[0.5323177576065063, 0.7186688184738159, 0.8419591784477234, 0.8169055581092834]",D10,7008.3449025488335,"(491.3838005065918, 247.36984848976135)",35.36522626876831,198.1705093383789,230400,339,F,Grieta e Intervalo Lineal Transversal
,,,16,28,,D10,17,0.32912033796310425,"[0.4991079270839691, 0.752117931842804, 0.796900749206543, 0.8434746861457825]",D10,6268.120861557327,"(510.58963775634766, 233.28156173229218)",32.888431549072266,190.58740615844727,230400,340,F,Grieta e Intervalo Lineal Transversal
,,,17,29,,D10,18,0.418782502412796,"[0.5017408132553101, 0.7549733519554138, 0.8007150888442993, 0.8473239541053772]",D10,6361.448688689416,"(512.7351379394531, 234.4420623779297)",33.246216773986816,191.34353637695312,230400,340,F,Grieta e Intervalo Lineal Transversal
,,,18,30,,D10,19,0.41016092896461487,"[0.49648961424827576, 0.7547750473022461, 0.7998974919319153, 0.8464283347129822]",D10,6407.039097451025,"(512.385082244873, 233.3496791124344)",32.99518346786499,194.1810417175293,230400,340,F,Grieta e Intervalo Lineal Transversal
,,,19,31,,D10,20,0.4783395528793335,"[0.49665412306785583, 0.7558383345603943, 0.7892999649047852, 0.8434070348739624]",D10,5904.372331429613,"(511.75851821899414, 231.47173583507538)",31.52473211288452,187.29333877563477,230400,340,F,Grieta e Intervalo Lineal Transversal
,,,20,32,,D10,21,0.5137410163879395,"[0.49680987000465393, 0.7552155256271362, 0.7922530174255371, 0.8452624082565308]",D10,6129.500410245237,"(512.1529388427734, 232.0313197374344)",32.41687774658203,189.08361434936523,230400,340,F,Grieta e Intervalo Lineal Transversal
,,,21,33,,D10,22,0.4657450020313263,"[0.4942617416381836, 0.7557200193405151, 0.7953294515609741, 0.8432095050811768]",D10,6068.795699926341,"(511.6574478149414, 232.1264147758484)",31.496214866638184,192.68333435058594,230400,340,F,Grieta e Intervalo Lineal Transversal
,,,22,34,,D10,23,0.4648531675338745,"[0.4971579909324646, 0.7568593621253967, 0.7929019331932068, 0.8432783484458923]",D10,5888.53824781836,"(512.0440673828125, 232.21078634262085)",31.110835075378418,189.276123046875,230400,340,F,Grieta e Intervalo Lineal Transversal
,,,23,35,,D10,24,0.4887038767337799,"[0.49693194031715393, 0.7563266158103943, 0.7966216206550598, 0.8445109128952026]",D10,6088.99364448057,"(512.268009185791, 232.83964097499847)",31.746346950531006,191.80139541625977,230400,340,F,Grieta e Intervalo Lineal Transversal
,,,24,36,,D10,25,0.48556268215179443,"[0.4978612959384918, 0.7566562294960022, 0.7966903448104858, 0.8440131545066833]",D10,6014.542881789839,"(512.2142028808594, 233.01929533481598)",31.448493003845215,191.25059127807617,230400,340,F,Grieta e Intervalo Lineal Transversal
,,,25,37,,D10,26,0.47044193744659424,"[0.49672946333885193, 0.7565207481384277, 0.7966891527175903, 0.8441840410232544]",D10,6058.472625480954,"(512.2255325317383, 232.8153508901596)",31.558785438537598,191.97420120239258,230400,340,F,Grieta e Intervalo Lineal Transversal
,,,26,38,,D10,27,0.4842923581600189,"[0.494696706533432, 0.7558670043945312, 0.7932606935501099, 0.8439319133758545]",D10,6057.909582733373,"(511.93565368652344, 231.83233201503754)",31.703367233276367,191.08095169067383,230400,340,F,Grieta e Intervalo Lineal Transversal
,,,27,39,,D10,28,0.507944643497467,"[0.49560317397117615, 0.7560036778450012, 0.7944049835205078, 0.843461275100708]",D10,6020.9253086611625,"(511.82878494262695, 232.2014683485031)",31.484735012054443,191.23315811157227,230400,340,F,Grieta e Intervalo Lineal Transversal
,,,28,40,,D10,29,0.5090371370315552,"[0.49526292085647583, 0.7557339072227478, 0.7954486608505249, 0.8440046310424805]",D10,6105.049931436315,"(511.91633224487305, 232.32808470726013)",31.77746057510376,192.1188735961914,230400,340,F,Grieta e Intervalo Lineal Transversal
,,,29,41,,D10,30,0.5119504928588867,"[0.4964960217475891, 0.7557864785194397, 0.7931978106498718, 0.8433617353439331]",D10,5986.65262772829,"(511.7274284362793, 232.14488983154297)",31.527092456817627,189.88914489746094,230400,340,F,Grieta e Intervalo Lineal Transversal
,,,30,42,,D10,31,0.46215251088142395,"[0.5009106993675232, 0.7575187087059021, 0.7931832671165466, 0.8442859053611755]",D10,5842.868281994015,"(512.5774765014648, 232.93691396713257)",31.236190795898438,187.054443359375,230400,340,F,Grieta e Intervalo Lineal Transversal
,,,31,43,,D10,32,0.4834418296813965,"[0.5026280283927917, 0.7565661668777466, 0.7975088357925415, 0.8447677493095398]",D10,5992.462965063805,"(512.4268531799316, 234.02463555335999)",31.752569675445557,188.72371673583984,230400,340,F,Grieta e Intervalo Lineal Transversal
,,,32,44,,D10,33,0.46829327940940857,"[0.4976023733615875, 0.7562035322189331, 0.791422963142395, 0.8439093828201294]",D10,5937.3584066006515,"(512.0361328125, 232.02456057071686)",31.574106216430664,188.0451774597168,230400,340,F,Grieta e Intervalo Lineal Transversal
,,,33,45,,D10,34,0.4344141185283661,"[0.4906133711338043, 0.7543519139289856, 0.7926025390625, 0.8462572693824768]",D10,6394.618787694526,"(512.194938659668, 230.97886383533478)",33.085927963256836,193.27306747436523,230400,340,F,Grieta e Intervalo Lineal Transversal
,,,34,46,,D10,35,0.33817631006240845,"[0.4879609942436218, 0.7616941928863525, 0.7820173501968384, 0.848572313785553]",D10,5886.043463504302,"(515.2852821350098, 228.59610199928284)",31.276123523712158,188.1960678100586,230400,340,F,Grieta e Intervalo Lineal Transversal
,,,35,47,,D10,36,0.4044746160507202,"[0.477118581533432, 0.7707411646842957, 0.7780251502990723, 0.8590975403785706]",D10,6125.64798844387,"(521.5483856201172, 225.92587172985077)",31.808295249938965,192.58020401000977,230400,340,F,Grieta e Intervalo Lineal Transversal
,,,36,48,,D10,37,0.27991896867752075,"[0.44386234879493713, 0.7907100915908813, 0.7519963979721069, 0.8853556513786316]",D10,6719.274909858677,"(536.3410377502441, 215.25457441806793)",34.07240152359009,197.20579147338867,230400,340,F,Grieta e Intervalo Lineal Transversal
,,,37,49,,D00,38,0.36472320556640625,"[0.11589126288890839, 0.7044547200202942, 0.44402605295181274, 0.9245356321334839]",D00,16638.613376973466,"(521.276912689209, 100.7851168513298)",79.22912836074829,210.0062656402588,230400,183,F,Grieta Vertical
,,,38,50,,D00,39,0.38687241077423096,"[0.24192294478416443, 0.7204822301864624, 0.35325631499290466, 0.9355524778366089]",D00,5516.811763780424,"(529.9311065673828, 107.13226675987244)",77.42528915405273,71.25335693359375,230400,183,F,Grieta Vertical
,,,39,51,,D00,40,0.34737715125083923,"[0.3174653947353363, 0.7444028258323669, 0.5289169549942017, 0.9234804511070251]",D00,8724.382449817858,"(533.7226486206055, 152.34882295131683)",64.46794509887695,135.32899856567383,230400,183,F,Grieta Vertical
,,,40,52,,D00,41,0.2702927589416504,"[0.3437967896461487, 0.8384512066841125, 0.4256976246833801, 0.9334317445755005]",D00,1792.278228231953,"(567.0025444030762, 138.50899457931519)",34.19299364089966,52.416534423828125,230400,183,F,Grieta Vertical
,,,41,53,,D10,42,0.38490957021713257,"[0.20930036902427673, 0.7717783451080322, 0.40486907958984375, 0.8396608233451843]",D10,3058.718685427584,"(515.6605339050293, 110.55050075054169)",24.437692165374756,125.16397476196289,230400,341,F,Grieta e Intervalo Lineal Transversal
,,,42,56,,D44,43,0.3991484045982361,"[0.3476467728614807, 0.6955299973487854, 0.4139460027217865, 0.9060562252998352]",D44,3215.86024977787,"(512.5075912475586, 137.0866996049881)",75.78944206237793,42.4315071105957,230400,40,F,Desenfoque de linea blanca
,,,43,57,,D00,44,0.20709320902824402,"[0.4183608889579773, 0.5877788662910461, 0.472913920879364, 0.9408228397369385]",D00,4437.416252862022,"(489.1525459289551, 160.42946577072144)",127.09583044052124,34.9139404296875,230400,184,F,Grieta Vertical
,,,44,63,,D10,45,0.5465127229690552,"[0.34963586926460266, 0.8141952753067017, 0.5464174151420593, 0.8757261633872986]",D10,2789.716210724191,"(540.7748603820801, 161.28959119319916)",22.151119709014893,125.94018936157227,230400,342,F,Grieta e Intervalo Lineal Transversal
,,,45,64,,D00,47,0.28912997245788574,"[0.0871427059173584, 0.704965353012085, 0.24451056122779846, 0.919358491897583]",D00,7773.370781111225,"(519.7836303710938, 59.697588086128235)",77.1815299987793,100.71542739868164,230400,185,F,Grieta Vertical
,,,45,64,,D20,46,0.45165276527404785,"[0.0875275582075119, 0.7059012651443481, 0.24621057510375977, 0.9194432497024536]",D20,7807.2160535866715,"(520.1102447509766, 60.0728639960289)",76.87511444091797,101.55713081359863,230400,6,F,Piel de cocodrilo
,,,46,65,,D10,48,0.20405450463294983,"[0.33472469449043274, 0.7167211174964905, 0.6062251329421997, 0.7818673253059387]",D10,4075.1364058525724,"(479.54830169677734, 169.37096893787384)",23.452634811401367,173.76028060913086,230400,343,F,Grieta e Intervalo Lineal Transversal
,,,47,66,,D00,51,0.21735964715480804,"[0.07736954838037491, 0.8370817303657532, 0.20047740638256073, 0.916990339756012]",D00,2266.531830827853,"(561.3030624389648, 50.012451857328415)",28.767099380493164,78.78902912139893,230400,186,F,Grieta Vertical
,,,47,66,,D10,50,0.24217665195465088,"[0.07823343575000763, 0.8361053466796875, 0.2016880065202713, 0.9195187091827393]",D10,2372.6041031390196,"(561.7996978759766, 50.38585960865021)",30.028810501098633,79.01092529296875,230400,343,F,Grieta e Intervalo Lineal Transversal
,,,47,66,,D44,49,0.48701000213623047,"[0.5638099908828735, 0.7121678590774536, 0.703474760055542, 0.9155263304710388]",D44,6543.824017879706,"(520.8621406555176, 228.1112551689148)",73.20904970169067,89.38545227050781,230400,41,F,Desenfoque de linea blanca
,,,48,67,,D00,52,0.5949848294258118,"[0.5887349247932434, 0.7562827467918396, 0.6861141324043274, 0.8970414996147156]",D00,3158.087227595388,"(529.0637588500977, 229.47283029556274)",50.67315101623535,62.32269287109375,230400,186,F,Grieta Vertical
,,,49,68,,D44,53,0.4926440119743347,"[0.5344330668449402, 0.7120895385742188, 0.6716634035110474, 0.9123150110244751]",D44,6330.702872097572,"(519.809455871582, 217.09736466407776)",72.08117008209229,87.8274154663086,230400,42,F,Desenfoque de linea blanca
,,,50,73,,D00,55,0.48553726077079773,"[0.5891056060791016, 0.7666822671890259, 0.6634824872016907, 0.8957766890525818]",D00,2212.2179639504793,"(531.9868659973145, 225.4658567905426)",46.47399187088013,47.60120391845703,230400,187,F,Grieta Vertical
,,,50,73,,D44,54,0.5138978362083435,"[0.5068564414978027, 0.6476143598556519, 0.5839093923568726, 0.7878872156143188]",D44,2490.263991160464,"(459.3605041503906, 196.33785009384155)",50.49822807312012,49.31388854980469,230400,43,F,Desenfoque de linea blanca
,,,51,75,,D44,56,0.5468859672546387,"[0.55949467420578, 0.7186945676803589, 0.6906030774116516, 0.9187345504760742]",D44,6042.68299507421,"(523.9773178100586, 225.0175952911377)",72.01439380645752,83.90937805175781,230400,44,F,Desenfoque de linea blanca
,,,52,78,,D00,57,0.30511805415153503,"[0.5667771100997925, 0.7539395093917847, 0.6591683626174927, 0.8967024087905884]",D00,3038.9859275936033,"(528.2054138183594, 220.67018508911133)",51.394643783569336,59.130401611328125,230400,188,F,Grieta Vertical
,,,53,80,,D44,58,0.24855609238147736,"[0.5410683751106262, 0.709671676158905, 0.6699719429016113, 0.9182823896408081]",D44,6195.609272964157,"(520.9453010559082, 217.98725724220276)",75.09985685348511,82.49828338623047,230400,45,F,Desenfoque de linea blanca
,,,54,81,,D00,59,0.40933823585510254,"[0.5298415422439575, 0.7000210285186768, 0.6355037689208984, 0.8915659785270691]",D00,4663.080789490959,"(509.3078422546387, 209.76215600967407)",68.95618200302124,67.62382507324219,230400,189,F,Grieta Vertical
,,,55,83,,D44,60,0.5178130269050598,"[0.5532306432723999, 0.6832882165908813, 0.7007848620414734, 0.9098697304725647]",D44,7702.9766250222565,"(509.81054306030273, 225.7227909564972)",81.569344997406,94.43470001220703,230400,46,F,Desenfoque de linea blanca
,,,56,84,,D00,61,0.26429814100265503,"[0.5335112810134888, 0.6587249636650085, 0.679193377494812, 0.8816429972648621]",D00,7482.278356605093,"(492.9177474975586, 218.28683853149414)",80.25049209594727,93.23654174804688,230400,190,F,Grieta Vertical
,,,57,85,,D10,62,0.5295456647872925,"[0.284094899892807, 0.7896403074264526, 0.6423833966255188, 0.868084192276001]",D10,6475.51678017453,"(530.4718399047852, 166.76609337329865)",28.239798545837402,229.30463790893555,230400,344,F,Grieta e Intervalo Lineal Transversal
,,,58,87,,D00,63,0.30294445157051086,"[0.5273556709289551, 0.6561176776885986, 0.6769053339958191, 0.8866550922393799]",D00,7943.453031254467,"(493.6872863769531, 216.76698088645935)",82.99346923828125,95.71178436279297,230400,191,F,Grieta Vertical
,,,58,87,,D10,64,0.2343776822090149,"[0.33058133721351624, 0.6961269974708557, 0.41702699661254883, 0.7302820682525635]",D10,680.2692746216508,"(456.45090103149414, 134.5695000886917)",12.295825481414795,55.32522201538086,230400,345,F,Grieta e Intervalo Lineal Transversal
,,,59,90,,D00,65,0.5684898495674133,"[0.5192464590072632, 0.6745971441268921, 0.6359054446220398, 0.9091576337814331]",D00,6304.570856848295,"(506.80152893066406, 207.92734265327454)",84.44177627563477,74.66175079345703,230400,192,F,Grieta Vertical
,,,60,91,,D44,66,0.4748537540435791,"[0.48227089643478394, 0.6851540207862854, 0.5920489430427551, 0.8872939944267273]",D44,5112.698445534988,"(503.18336486816406, 193.37757110595703)",72.77039051055908,70.25794982910156,230400,47,F,Desenfoque de linea blanca
,,,61,93,,D00,67,0.5357107520103455,"[0.1369955688714981, 0.6515914797782898, 0.28759828209877014, 0.9015370607376099]",D00,8672.828002937946,"(497.0011329650879, 76.42689317464828)",89.98040914535522,96.3857364654541,230400,193,F,Grieta Vertical
,,,62,94,,D00,69,0.2492622584104538,"[0.5033506155014038, 0.7863990068435669, 0.5693935751914978, 0.9216481447219849]",D00,2057.991174380004,"(546.5750885009766, 193.0939543247223)",48.68968963623047,42.267494201660156,230400,193,F,Grieta Vertical
,,,62,94,,D20,68,0.2720666527748108,"[0.3298409581184387, 0.7791882157325745, 0.5708521604537964, 0.9305016398429871]",D20,8402.280255205733,"(547.1007537841797, 162.12476134300232)",54.472832679748535,154.2471694946289,230400,7,F,Piel de cocodrilo
,,,63,95,,D00,70,0.24913474917411804,"[0.5098103284835815, 0.8015270829200745, 0.5966780781745911, 0.904512345790863]",D00,2061.180987706939,"(545.9326171875, 199.16791319847107)",37.07469463348389,55.595359802246094,230400,193,F,Grieta Vertical
,,,64,96,,D44,71,0.3372548520565033,"[0.4950988292694092, 0.7430408000946045, 0.575468897819519, 0.9320126175880432]",D44,3499.2409941472943,"(536.0170936584473, 192.70219087600708)",68.02985429763794,51.43684387207031,230400,48,F,Desenfoque de linea blanca
,,,65,97,,D00,72,0.4653048515319824,"[0.5044285655021667, 0.715427815914154, 0.5885502099990845, 0.9215218424797058]",D00,3994.4375275819766,"(523.8238906860352, 196.73617959022522)",74.19384956359863,53.837852478027344,230400,194,F,Grieta Vertical
,,,66,99,,D10,74,0.3463803827762604,"[0.19842195510864258, 0.8565672039985657, 0.4739384055137634, 0.9241722822189331]",D10,4291.502096018576,"(569.8366355895996, 121.02486491203308)",24.337828159332275,176.33052825927734,230400,346,F,Grieta e Intervalo Lineal Transversal
,,,66,99,,D44,73,0.35792359709739685,"[0.4912019670009613, 0.658606231212616, 0.5980962514877319, 0.8497222661972046]",D44,4706.890401859482,"(482.6651191711426, 196.07367932796478)",68.8017725944519,68.4123420715332,230400,49,F,Desenfoque de linea blanca
,,,67,100,,D00,75,0.3640376925468445,"[0.4827473759651184, 0.6617465615272522, 0.6225228309631348, 0.9132447838783264]",D00,8099.315357256273,"(503.99723052978516, 198.94863724708557)",90.53936004638672,89.45629119873047,230400,195,F,Grieta Vertical
,,,68,101,,D00,77,0.218184232711792,"[0.4581790864467621, 0.6090665459632874, 0.49420928955078125, 0.6750727891921997]",D00,547.9415077641988,"(410.92458724975586, 171.4299076795578)",23.762247562408447,23.059329986572266,230400,195,F,Grieta Vertical
,,,68,101,,D44,76,0.6267005205154419,"[0.5252270698547363, 0.738464891910553, 0.6296921968460083, 0.9251435995101929]",D44,4493.125992029854,"(532.3547172546387, 207.88546800613403)",67.20433473587036,66.85768127441406,230400,50,F,Desenfoque de linea blanca
,,,69,102,,D00,78,0.6023783087730408,"[0.5297748446464539, 0.7423197627067566, 0.645220935344696, 0.9245669841766357]",D00,4847.553621346015,"(533.4037590026855, 211.49924039840698)",65.6089997291565,73.885498046875,230400,195,F,Grieta Vertical
,,,70,103,,D00,79,0.5351905822753906,"[0.4751742482185364, 0.6427868604660034, 0.6112615466117859, 0.9033535718917847]",D00,8169.942484027706,"(494.7649383544922, 195.558443069458)",93.80401611328125,87.09587097167969,230400,195,F,Grieta Vertical
,,,70,103,,D10,80,0.4107854664325714,"[0.2286311686038971, 0.7851150631904602, 0.4846571981906891, 0.8462404012680054]",D10,3605.6857225292333,"(522.033748626709, 128.3919060230255)",22.00512170791626,163.85665893554688,230400,347,F,Grieta e Intervalo Lineal Transversal
,,,70,103,,D10,81,0.2945682406425476,"[0.3686417043209076, 0.7036963701248169, 0.5068676471710205, 0.7443227171897888]",D10,1293.8377254017269,"(463.3661079406738, 157.59168326854706)",14.625484943389893,88.46460342407227,230400,347,F,Grieta e Intervalo Lineal Transversal
,,,71,104,,D44,82,0.4289773404598236,"[0.4973174035549164, 0.6726550459861755, 0.6201748847961426, 0.8987703323364258]",D44,6400.501528580435,"(502.8561210632324, 201.1486119031906)",81.40150308609009,78.62878799438477,230400,51,F,Desenfoque de linea blanca
,,,72,105,,D00,83,0.37769168615341187,"[0.4926031231880188, 0.6641988158226013, 0.593090832233429, 0.8458412885665894]",D00,4205.453403199499,"(483.212833404541, 195.4249119758606)",65.3912901878357,64.3121337890625,230400,196,F,Grieta Vertical
,,,73,107,,D00,84,0.4046773910522461,"[0.5349660515785217, 0.7100101113319397, 0.6524361968040466, 0.8930680751800537]",D00,4954.486025762344,"(512.9850196838379, 213.7324047088623)",65.90086698532104,75.18089294433594,230400,197,F,Grieta Vertical
,,,74,109,,D00,85,0.5190476179122925,"[0.5688776969909668, 0.7518712282180786, 0.6665263175964355, 0.903076708316803]",D00,3401.857511338312,"(529.5833396911621, 222.37272262573242)",54.43397283554077,62.4951171875,230400,198,F,Grieta Vertical
,,,74,109,,D00,87,0.2757211923599243,"[0.43845874071121216, 0.5582895278930664, 0.5405707359313965, 0.7166398167610168]",D00,3725.444491775761,"(407.97739028930664, 176.22530579566956)",57.00610399246216,65.35167694091797,230400,198,F,Grieta Vertical
,,,74,109,,D44,86,0.2847156226634979,"[0.5455794334411621, 0.666961133480072, 0.6802384257316589, 0.8442157506942749]",D44,5499.401041820693,"(483.576602935791, 220.6472146511078)",63.81166219711304,86.18175506591797,230400,52,F,Desenfoque de linea blanca
,,,75,110,,D44,88,0.3960937559604645,"[0.0004519224166870117, 0.6858813762664795, 0.10051047801971436, 0.9030987024307251]",D44,5007.61771959078,"(508.47362518310547, 18.173232078552246)",78.19823741912842,64.0374755859375,230400,52,F,Desenfoque de linea blanca
,,,76,111,,D00,89,0.5086684823036194,"[0.49230414628982544, 0.6147039532661438, 0.6675797700881958, 0.9065515398979187]",D00,11785.828101335028,"(486.8017578125, 208.77910494804382)",105.06513118743896,112.17639923095703,230400,199,F,Grieta Vertical
,,,77,112,,D00,90,0.42787423729896545,"[0.5918005704879761, 0.756237268447876, 0.6851357221603394, 0.8837763667106628]",D00,2742.6542009503464,"(524.8043632507324, 229.84853267669678)",45.91407537460327,59.7344970703125,230400,199,F,Grieta Vertical
,,,78,113,,D00,91,0.40952974557876587,"[0.5120547413825989, 0.6337700486183167, 0.6885941624641418, 0.8931664228439331]",D00,10550.865193676145,"(488.6196708679199, 216.11680269241333)",93.38269472122192,112.9852294921875,230400,199,F,Grieta Vertical
,,,78,113,,D00,92,0.36124199628829956,"[0.2797830104827881, 0.5924937129020691, 0.3585905432701111, 0.7803107500076294]",D00,3410.2419401581756,"(439.2974281311035, 114.90723967552185)",67.61413335800171,50.43682098388672,230400,199,F,Grieta Vertical
,,,79,114,,D44,93,0.578793466091156,"[0.5379246473312378, 0.69183349609375, 0.6872469186782837, 0.9138851761817932]",D44,7639.43298674094,"(513.8299751281738, 220.53088188171387)",79.93860483169556,95.56625366210938,230400,53,F,Desenfoque de linea blanca
,,,80,115,,D00,94,0.300866961479187,"[0.5398855209350586, 0.6839569211006165, 0.6643108129501343, 0.8885632157325745]",D00,5865.568809454999,"(503.2064437866211, 216.75534009933472)",73.65826606750488,79.63218688964844,230400,200,F,Grieta Vertical
,,,81,117,,D10,96,0.2703045904636383,"[0.3646679222583771, 0.7244102358818054, 0.4674917161464691, 0.7641326189041138]",D10,941.0471711146783,"(476.33371353149414, 149.78873491287231)",14.300057888031006,65.8072280883789,230400,348,F,Grieta e Intervalo Lineal Transversal
,,,81,117,,D44,95,0.4042777419090271,"[0.4872358441352844, 0.5482966303825378, 0.598706066608429, 0.7804787755012512]",D44,5963.073493403499,"(425.2081298828125, 195.4695439338684)",83.58557224273682,71.3409423828125,230400,54,F,Desenfoque de linea blanca
,,,82,118,,D00,97,0.4043409526348114,"[0.5385979413986206, 0.6569008827209473, 0.6656011343002319, 0.8706070184707642]",D00,6253.369708698301,"(488.80252838134766, 216.75583362579346)",76.93420886993408,81.28204345703125,230400,201,F,Grieta Vertical
,,,83,119,,D44,98,0.24017822742462158,"[0.5863276720046997, 0.7290250062942505, 0.7018782496452332, 0.9142751693725586]",D44,4931.887876232031,"(525.8560562133789, 231.87706589698792)",66.69005870819092,73.9523696899414,230400,55,F,Desenfoque de linea blanca
,,,84,120,,D00,100,0.2935110628604889,"[0.5850206613540649, 0.7100711464881897, 0.6895449161529541, 0.8836710453033447]",D00,4180.700173090554,"(509.997501373291, 229.42180395126343)",62.49596357345581,66.89552307128906,230400,202,F,Grieta Vertical
,,,84,120,,D44,99,0.31643179059028625,"[0.5390128493309021, 0.6150138974189758, 0.6012830138206482, 0.7190282940864563]",D44,1492.2993230866268,"(426.8935012817383, 205.25325536727905)",37.44518280029297,39.8529052734375,230400,55,F,Desenfoque de linea blanca
,,,85,124,,D00,101,0.24267587065696716,"[0.5308009386062622, 0.6027407646179199, 0.6417936086654663, 0.7660386562347412]",D00,4175.969818887825,"(438.00941467285156, 211.06701850891113)",58.787240982055664,71.03530883789062,230400,203,F,Grieta Vertical
,,,86,125,,D44,102,0.33220914006233215,"[0.5491903424263, 0.6426270604133606, 0.6279681921005249, 0.7648906111717224]",D44,2219.1343769731247,"(450.40565490722656, 211.8885362148285)",44.014878273010254,50.417823791503906,230400,56,F,Desenfoque de linea blanca
,,,87,126,,D00,103,0.32739225029945374,"[0.5364630818367004, 0.6290696263313293, 0.704688549041748, 0.865025520324707]",D00,9145.449332771477,"(478.11044692993164, 223.40729355812073)",84.94412183761597,107.66429901123047,230400,204,F,Grieta Vertical
,,,87,126,,D44,104,0.2611757516860962,"[0.00016351937665604055, 0.7169104814529419, 0.08442448079586029, 0.8951815962791443]",D44,3460.906489773121,"(515.8694648742676, 15.22584003105294)",64.17760133743286,53.92701530829072,230400,56,F,Desenfoque de linea blanca
,,,88,127,,D10,106,0.3761003911495209,"[0.1527540236711502, 0.7147715091705322, 0.5996606945991516, 0.7934485673904419]",D10,8101.164019384714,"(482.6304244995117, 135.43464928865433)",28.32374095916748,286.0202693939209,230400,349,F,Grieta e Intervalo Lineal Transversal
,,,88,127,,D10,107,0.2592425048351288,"[0.1531689465045929, 0.7289774417877197, 0.2742101848125458, 0.7739289999008179]",D10,1253.6046162158527,"(480.93006134033203, 76.92824363708496)",16.182560920715332,77.46639251708984,230400,349,F,Grieta e Intervalo Lineal Transversal
,,,88,127,,D44,105,0.4656761884689331,"[0.5642544627189636, 0.682238757610321, 0.699504017829895, 0.8984110355377197]",D44,6736.251897676175,"(505.80793380737305, 227.47652649879456)",77.82202005386353,86.5597152709961,230400,56,F,Desenfoque de linea blanca
,,,89,128,,D10,109,0.2905884087085724,"[0.32287150621414185, 0.6809119582176208, 0.40943723917007446, 0.7134928107261658]",D10,649.8167910292977,"(446.2095260620117, 131.81557416915894)",11.729106903076172,55.402069091796875,230400,349,F,Grieta e Intervalo Lineal Transversal
,,,89,128,,D10,111,0.2438446432352066,"[0.3318343162536621, 0.7371366024017334, 0.39213356375694275, 0.7613027691841125]",D10,335.7392652325416,"(479.5005989074707, 130.31421840190887)",8.699820041656494,38.59151840209961,230400,349,F,Grieta e Intervalo Lineal Transversal
,,,89,128,,D10,112,0.22433951497077942,"[0.6069698929786682, 0.7475259304046631, 0.7519609928131104, 0.8101726174354553]",D10,2092.7720571445207,"(498.4635353088379, 244.60755944252014)",22.552807331085205,92.79430389404297,230400,349,F,Grieta e Intervalo Lineal Transversal
,,,89,128,,D10,113,0.20253750681877136,"[0.013563322834670544, 0.7954362630844116, 0.22860166430473328, 0.9101501703262329]",D10,5683.481477414062,"(545.7876586914062, 43.58969768509269)",41.297006607055664,137.62453854084015,230400,349,F,Grieta e Intervalo Lineal Transversal
,,,89,128,,D44,108,0.4019624888896942,"[0.1940709948539734, 0.5215751528739929, 0.40237969160079956, 0.9423691630363464]",D44,20195.72394757415,"(468.4621810913086, 107.36112356185913)",151.48584365844727,133.31756591796875,230400,56,F,Desenfoque de linea blanca
,,,89,128,,D44,110,0.2711852490901947,"[0.49386343359947205, 0.6016513109207153, 0.5387205481529236, 0.6758106350898743]",D44,766.4424881961622,"(408.7878227233887, 185.8651167154312)",26.697356700897217,28.708553314208984,230400,56,F,Desenfoque de linea blanca
,,,90,129,,D44,114,0.479051411151886,"[0.5680593252182007, 0.7541062831878662, 0.6674540042877197, 0.9169082641601562]",D44,3728.2523099034734,"(534.7246551513672, 222.39239931106567)",58.608713150024414,63.61259460449219,230400,56,F,Desenfoque de linea blanca
,,,91,130,,D00,116,0.2120255082845688,"[0.0, 0.6987722516059875, 0.10016139596700668, 0.8308650255203247]",D00,3048.3294641082352,"(489.4839286804199, 18.029051274061203)",47.55339860916138,64.10329341888428,230400,205,F,Grieta Vertical
,,,91,130,,D44,115,0.2920762300491333,"[0.4998184144496918, 0.628564178943634, 0.545427143573761, 0.7141876816749573]",D44,899.7532744842829,"(429.6805953979492, 188.1442004442215)",30.824460983276367,29.189586639404297,230400,56,F,Desenfoque de linea blanca
,,,92,131,,D00,117,0.25927236676216125,"[0.006623172666877508, 0.6036080121994019, 0.23480220139026642, 0.800403356552124]",D00,10346.013050501146,"(449.2836380004883, 43.45656733028591)",70.84632396697998,146.0345783829689,230400,205,F,Grieta Vertical
,,,93,132,,D00,119,0.2745141088962555,"[0.5547468662261963, 0.7552456259727478, 0.6282476186752319, 0.9013205766677856]",D00,2473.716969225461,"(530.1011848449707, 212.93900728225708)",52.58698225021362,47.04048156738281,230400,205,F,Grieta Vertical
,,,93,132,,D44,118,0.47196686267852783,"[0.5072382092475891, 0.6406776905059814, 0.5663865804672241, 0.7620173096656799]",D44,1653.5902090076888,"(448.86240005493164, 193.25246214866638)",43.682262897491455,37.854957580566406,230400,57,F,Desenfoque de linea blanca
,,,94,140,,D44,120,0.3236176073551178,"[0.4682614207267761, 0.5550036430358887, 0.6907013654708862, 0.9105578660964966]",D44,18222.211982853878,"(468.9796829223633, 208.61330151557922)",127.99952030181885,142.36156463623047,230400,58,F,Desenfoque de linea blanca
,,,95,141,,D44,121,0.37145617604255676,"[0.4636969566345215, 0.5566228032112122, 0.693854033946991, 0.9121929407119751]",D44,18855.241027607462,"(470.0210380554199, 208.35917830467224)",128.00524950027466,147.30052947998047,230400,58,F,Desenfoque de linea blanca
,,,96,144,,D44,122,0.2915010154247284,"[0.3576872646808624, 0.62357497215271, 0.4753853678703308, 0.6976203322410583]",D44,2007.9356388202996,"(422.78249740600586, 149.95307385921478)",26.65632963180542,75.32678604125977,230400,59,F,Desenfoque de linea blanca
,,,97,151,,D00,123,0.40223461389541626,"[0.6192758679389954, 0.7579586505889893, 0.7190740704536438, 0.8885457515716553]",D00,3002.655271603726,"(526.8814086914062, 240.90298891067505)",47.011356353759766,63.870849609375,230400,206,F,Grieta Vertical
,,,97,151,,D20,124,0.2254636585712433,"[0.6223258972167969, 0.6661927700042725, 0.8124642372131348, 0.8363271355628967]",D20,7453.224770376255,"(480.80636978149414, 258.2622241973877)",61.248371601104736,121.68853759765625,230400,8,F,Piel de cocodrilo
,,,98,152,,D20,126,0.20554021000862122,"[0.6347988247871399, 0.6838188767433167, 0.812872588634491, 0.8461971879005432]",D20,6662.089044851018,"(489.60514068603516, 260.58085441589355)",58.45619201660156,113.96720886230469,230400,8,F,Piel de cocodrilo
,,,98,152,,D44,125,0.23371277749538422,"[0.18044531345367432, 0.6509114503860474, 0.33012059330940247, 0.9383392333984375]",D44,9912.000121503206,"(508.56021881103516, 91.90186321735382)",103.47400188446045,95.79217910766602,230400,60,F,Desenfoque de linea blanca
,,,99,154,,D44,127,0.6038010120391846,"[0.19056442379951477, 0.6565675139427185, 0.3287086486816406, 0.9356498122215271]",D44,8882.751231140719,"(509.5095443725586, 93.46915304660797)",100.4696273803711,88.41230392456055,230400,61,F,Desenfoque de linea blanca
,,,99,154,,D44,128,0.36388057470321655,"[0.5367783308029175, 0.6789124608039856, 0.6863775849342346, 0.9063612818717957]",D44,7839.63048609603,"(507.28759765625, 220.16806483268738)",81.88157558441162,95.74352264404297,230400,61,F,Desenfoque de linea blanca
,,,100,155,,D44,129,0.534286379814148,"[0.19059643149375916, 0.6592573523521423, 0.32777833938598633, 0.9375220537185669]",D44,8795.032158529602,"(510.96940994262695, 93.30745875835419)",100.17529249191284,87.79642105102539,230400,61,F,Desenfoque de linea blanca
,,,100,155,,D44,130,0.4383474588394165,"[0.5339457392692566, 0.6700314283370972, 0.6881943941116333, 0.9077563881874084]",D44,8448.481216366508,"(504.8921012878418, 219.98522400856018)",85.58098554611206,98.7191390991211,230400,61,F,Desenfoque de linea blanca
,,,101,156,,D44,131,0.4685518145561218,"[0.19285538792610168, 0.6662178635597229, 0.3274519145488739, 0.9375535845756531]",D44,8414.402825647812,"(513.2068634033203, 93.6553144454956)",97.68085956573486,86.14177703857422,230400,61,F,Desenfoque de linea blanca
,,,101,156,,D44,132,0.44109079241752625,"[0.5389984846115112, 0.6838275194168091, 0.68785560131073, 0.910597562789917]",D44,7777.459540287964,"(510.21602630615234, 220.83373546600342)",81.63721561431885,95.2685546875,230400,61,F,Desenfoque de linea blanca
,,,102,157,,D44,133,0.5536487102508545,"[0.5379290580749512, 0.6792651414871216, 0.69126957654953, 0.909267008304596]",D44,8125.886709023052,"(508.3302879333496, 221.25575423240662)",82.80067205429077,98.13793182373047,230400,61,F,Desenfoque de linea blanca
,,,102,157,,D44,134,0.35192298889160156,"[0.19385433197021484, 0.6637517213821411, 0.329568475484848, 0.935983419418335]",D44,8512.287376093354,"(511.91524505615234, 94.21610534191132)",98.00341129302979,86.85705184936523,230400,61,F,Desenfoque de linea blanca
,,,103,158,,D44,135,0.5985460877418518,"[0.5304107069969177, 0.6703640222549438, 0.6935580968856812, 0.9129287600517273]",D44,9117.804407177664,"(506.65369033813477, 220.3143846988678)",87.32330560684204,104.4143295288086,230400,61,F,Desenfoque de linea blanca
,,,104,159,,D44,136,0.5238327383995056,"[0.5174409747123718, 0.6497032642364502, 0.6949357986450195, 0.9178714156150818]",D44,10966.684910582899,"(501.62389755249023, 218.22781920433044)",96.54053449630737,113.59668731689453,230400,61,F,Desenfoque de linea blanca
,,,105,160,,D44,137,0.2354142963886261,"[0.00013144015974830836, 0.7278542518615723, 0.08333510160446167, 0.9263797402381897]",D44,3805.7581493071384,"(529.3548774719238, 15.023977517557796)",71.46917581558228,53.25034332461655,230400,61,F,Desenfoque de linea blanca
,,,106,162,,D44,138,0.2447659820318222,"[0.5030480027198792, 0.6061445474624634, 0.7000013589859009, 0.9044116735458374]",D44,13534.78154018485,"(483.37799072265625, 216.5488851070404)",107.37616539001465,126.0501480102539,230400,62,F,Desenfoque de linea blanca
,,,107,163,,D44,139,0.21387025713920593,"[0.5463011860847473, 0.6260191798210144, 0.749413013458252, 0.9091114401817322]",D44,13247.858607473972,"(491.2417984008789, 233.22855591773987)",101.9132137298584,129.99156951904297,230400,62,F,Desenfoque de linea blanca
,,,108,172,,D44,140,0.594111442565918,"[0.13112151622772217, 0.577980101108551, 0.3356871008872986, 0.9419299364089966]",D44,17153.6511386862,"(486.37121200561523, 84.02555108070374)",131.0219407081604,130.9219741821289,230400,63,F,Desenfoque de linea blanca
,,,108,172,,D44,141,0.2990219295024872,"[0.00022386907949112356, 0.5387057662010193, 0.06571588665246964, 0.9402638673782349]",D44,6059.255090427668,"(473.2702827453613, 11.869156031752937)",144.5609164237976,41.91489124670625,230400,63,F,Desenfoque de linea blanca
,,,109,173,,D44,142,0.36478978395462036,"[0.0002467989979777485, 0.5499168634414673, 0.10341542959213257, 0.938843846321106]",D44,9244.814797395906,"(476.40342712402344, 18.659201146219857)",140.01371383666992,66.02792358025908,230400,63,F,Desenfoque de linea blanca
,,,109,173,,D44,143,0.23552295565605164,"[0.1546277552843094, 0.5481420755386353, 0.23320849239826202, 0.9366222023963928]",D44,7033.433408088058,"(475.124568939209, 69.81052458286285)",139.85284566879272,50.29167175292969,230400,63,F,Desenfoque de linea blanca
,,,110,174,,D44,144,0.4962550401687622,"[0.00010906458192039281, 0.5579899549484253, 0.14118248224258423, 0.9376803040504456]",D44,12341.195182216527,"(478.6144828796387, 25.432478428410832)",136.6885256767273,90.28698730282485,230400,63,F,Desenfoque de linea blanca
,,,111,175,,D44,145,0.554150402545929,"[0.0, 0.5522433519363403, 0.19030503928661346, 0.9207406044006348]",D44,16157.234098305025,"(471.35486602783203, 34.254907071590424)",132.659010887146,121.79522514343262,230400,63,F,Desenfoque de linea blanca
,,,111,175,,D44,146,0.4583454430103302,"[0.1364879310131073, 0.5427083969116211, 0.2706950008869171, 0.9404571652412415]",D44,12298.912529687459,"(474.612979888916, 73.2929277420044)",143.18955659866333,85.89252471923828,230400,63,F,Desenfoque de linea blanca
,,,112,178,,D44,147,0.24218717217445374,"[0.23531489074230194, 0.5566908717155457, 0.39215388894081116, 0.9406928420066833]",D44,13876.181988875305,"(479.1627883911133, 112.94438034296036)",138.24070930480957,100.3769588470459,230400,64,F,Desenfoque de linea blanca
,,,113,179,,D44,148,0.48907211422920227,"[0.25259828567504883, 0.5511906743049622, 0.41056713461875916, 0.9464197754859924]",D44,14384.767376476702,"(479.23534393310547, 119.36977565288544)",142.2824764251709,101.10006332397461,230400,64,F,Desenfoque de linea blanca
,,,113,179,,D44,149,0.24128077924251556,"[0.00011105537123512477, 0.5955373048782349, 0.287852942943573, 0.9556928873062134]",D44,23876.777573577507,"(496.39366149902344, 51.83351969666546)",129.65600967407227,184.15480804629624,230400,64,F,Desenfoque de linea blanca
,,,113,179,,D44,150,0.21869343519210815,"[0.5560532808303833, 0.6472190618515015, 0.7762200236320496, 0.9116364121437073]",D44,13412.944916140532,"(498.8337516784668, 239.80919480323792)",95.19024610519409,140.9067153930664,230400,64,F,Desenfoque de linea blanca
,,,114,180,,D44,151,0.6744247078895569,"[0.2727113664150238, 0.557212233543396, 0.4094056189060211, 0.9375872015953064]",D44,11979.664571322519,"(478.33581924438477, 122.78105735778809)",136.93498849868774,87.48432159423828,230400,64,F,Desenfoque de linea blanca
,,,115,181,,D44,152,0.6341402530670166,"[0.27464956045150757, 0.5645265579223633, 0.4029005467891693, 0.946533739566803]",D44,11287.94062094662,"(483.5392951965332, 121.95901930332184)",137.5225853919983,82.08063125610352,230400,64,F,Desenfoque de linea blanca
,,,116,182,,D44,153,0.37866607308387756,"[0.2710809111595154, 0.5392662286758423, 0.3977101147174835, 0.9461086988449097]",D44,11869.778988533471,"(475.3199768066406, 120.3823846578598)",146.46328926086426,81.04269027709961,230400,64,F,Desenfoque de linea blanca
,,,117,183,,D44,154,0.4224161207675934,"[0.2586735188961029, 0.5449329614639282, 0.3877955973148346, 0.9461820721626282]",D44,11937.051449184128,"(477.15681076049805, 116.36444091796875)",144.44967985153198,82.63813018798828,230400,64,F,Desenfoque de linea blanca
,,,118,184,,D44,155,0.5624935626983643,"[0.2376958429813385, 0.5470761060714722, 0.37490764260292053, 0.9451658725738525]",D44,12585.0500980363,"(477.5174331665039, 110.26862740516663)",143.31231594085693,87.8155517578125,230400,64,F,Desenfoque de linea blanca
,,,119,185,,D44,156,0.443782240152359,"[0.21490153670310974, 0.544360876083374, 0.3683699667453766, 0.9458094239234924]",D44,14194.869898699199,"(476.85449600219727, 104.98887062072754)",144.52147722244263,98.21979522705078,230400,64,F,Desenfoque de linea blanca
,,,120,202,,D44,157,0.2692825198173523,"[0.21239328384399414, 0.5497123003005981, 0.3774792551994324, 0.945314884185791]",D44,15047.063845956473,"(478.40869903564453, 106.17705702781677)",142.41693019866943,105.65502166748047,230400,65,F,Desenfoque de linea blanca
,,,121,203,,D44,158,0.2626928985118866,"[0.2089489996433258, 0.5619702935218811, 0.37327948212623596, 0.944449782371521]",D44,14481.340172346972,"(482.0544242858887, 104.80112671852112)",137.69261598587036,105.1715087890625,230400,65,F,Desenfoque de linea blanca
,,,122,204,,D44,159,0.29833877086639404,"[0.20483112335205078, 0.5738741159439087, 0.37038707733154297, 0.9439851641654968]",D44,14117.549798401888,"(485.71496963500977, 103.53927612304688)",133.23997735977173,105.955810546875,230400,65,F,Desenfoque de linea blanca
,,,123,205,,D44,160,0.2179097831249237,"[0.20535579323768616, 0.5732979774475098, 0.36788201332092285, 0.9425128698348999]",D44,13825.636037720415,"(485.0594711303711, 103.18280518054962)",132.91736125946045,104.01678085327148,230400,65,F,Desenfoque de linea blanca
,,,124,206,,D44,161,0.30687928199768066,"[0.19731199741363525, 0.5749952793121338, 0.36490485072135925, 0.9382005333900452]",D44,14024.587361419935,"(484.22266006469727, 101.19903266429901)",130.7538914680481,107.25942611694336,230400,65,F,Desenfoque de linea blanca
,,,125,207,,D44,162,0.25452515482902527,"[0.1897963136434555, 0.5786116719245911, 0.36450687050819397, 0.9431427717208862]",D44,14673.584203759016,"(486.96142196655273, 99.7745731472969)",131.23119592666626,111.81475639343262,230400,65,F,Desenfoque de linea blanca
,,,126,208,,D44,163,0.2716357409954071,"[0.1855469048023224, 0.5824597477912903, 0.36328816413879395, 0.9444706439971924]",D44,14824.920403621263,"(488.61772537231445, 98.79031240940094)",130.32392263412476,113.7544059753418,230400,65,F,Desenfoque de linea blanca
,,,127,212,,D44,164,0.22725093364715576,"[0.16026560962200165, 0.5788538455963135, 0.35154005885124207, 0.9434829950332642]",D44,16069.072834132794,"(487.14778900146484, 92.12502032518387)",131.26649379730225,122.41564750671387,230400,66,F,Desenfoque de linea blanca
,,,128,213,,D44,165,0.24121637642383575,"[0.12407137453556061, 0.5718377828598022, 0.35206493735313416, 0.9471234679222107]",D44,19713.650782881563,"(486.06760025024414, 85.70453613996506)",135.10284662246704,145.91588020324707,230400,66,F,Desenfoque de linea blanca
,,,129,214,,D44,166,0.3546893000602722,"[0.09607167541980743, 0.5617698431015015, 0.35118231177330017, 0.9488534927368164]",D44,22751.80558398665,"(483.3994674682617, 80.50571769475937)",139.35011386871338,163.27080726623535,230400,66,F,Desenfoque de linea blanca
,,,130,216,,D44,167,0.41590750217437744,"[0.07367831468582153, 0.5322399735450745, 0.3550277650356293, 0.9430285692214966]",D44,26628.513547053488,"(472.08593368530273, 77.16709434986115)",147.88389444351196,180.06364822387695,230400,67,F,Desenfoque de linea blanca
,,,131,217,,D44,168,0.2137768268585205,"[0.07316174358129501, 0.5441958904266357, 0.34918007254600525, 0.94679194688797]",D44,25602.944429316005,"(477.1161079406738, 76.02152690291405)",144.93458032608032,176.65173053741455,230400,67,F,Desenfoque de linea blanca
,,,132,222,,D00,169,0.21310679614543915,"[0.40433597564697266, 0.5895968079566956, 0.4897264540195465, 0.9193207621574402]",D00,6486.977935894629,"(482.85362243652344, 160.93123733997345)",118.70062351226807,54.649906158447266,230400,207,F,Grieta Vertical
,,,133,232,,D10,170,0.37254902720451355,"[0.5081793069839478, 0.7799971103668213, 0.6156924962997437, 0.8353503942489624]",D10,1371.1583437681838,"(516.9112014770508, 202.29692459106445)",19.9271821975708,68.80844116210938,230400,350,F,Grieta e Intervalo Lineal Transversal
,,,134,236,,D44,171,0.29910707473754883,"[0.10561008751392365, 0.569945752620697, 0.33083969354629517, 0.9429112672805786]",D44,19354.26261438854,"(484.1142463684082, 78.56096059083939)",134.26758527755737,144.14694786071777,230400,68,F,Desenfoque de linea blanca
,,,135,237,,D44,172,0.3128405809402466,"[0.10753202438354492, 0.5964605212211609, 0.3218207359313965, 0.9422242641448975]",D44,17071.088710139156,"(492.3791313171387, 77.28349685668945)",124.47494745254517,137.144775390625,230400,68,F,Desenfoque de linea blanca
,,,136,246,,D44,173,0.5761504173278809,"[0.17579883337020874, 0.589844286441803, 0.3551052510738373, 0.9433073401451111]",D44,14602.335886108904,"(490.6085205078125, 95.56273519992828)",127.24669933319092,114.75610733032227,230400,69,F,Desenfoque de linea blanca
,,,137,247,,D44,174,0.4740046262741089,"[0.1864749640226364, 0.6120141744613647, 0.3548920750617981, 0.9417676329612732]",D44,12795.523162151425,"(497.21017837524414, 97.44606703519821)",118.71124505996704,107.78695106506348,230400,69,F,Desenfoque de linea blanca
,,,138,248,,D44,175,0.5732941031455994,"[0.19076092541217804, 0.6203740239143372, 0.35882604122161865, 0.9448844194412231]",D44,12565.757308168737,"(500.8827018737793, 98.9256539940834)",116.82374238967896,107.56167411804199,230400,69,F,Desenfoque de linea blanca
,,,139,249,,D44,176,0.20434586703777313,"[0.19087004661560059, 0.6505633592605591, 0.3428923189640045, 0.9450868368148804]",D44,10315.95916441238,"(510.6080627441406, 96.07722580432892)",106.02845191955566,97.29425430297852,230400,69,F,Desenfoque de linea blanca
,,,140,250,,D43,178,0.2362200915813446,"[0.14072370529174805, 0.6148139834403992, 0.6923508644104004, 0.704594075679779]",D43,11410.591617197497,"(422.21057891845703, 149.95342254638672)",32.32083320617676,353.0413818359375,230400,383,F,Desenfoque de paso peatonal
,,,140,250,,D44,177,0.3536151051521301,"[0.18970027565956116, 0.6838358640670776, 0.32740116119384766, 0.9419369101524353]",D44,8188.587095795583,"(520.2472877502441, 93.07825863361359)",92.91637659072876,88.12856674194336,230400,69,F,Desenfoque de linea blanca
,,,141,251,,D44,179,0.24462200701236725,"[0.187232106924057, 0.7724695801734924, 0.29932349920272827, 0.9434453248977661]",D44,4415.59509627491,"(549.0927696228027, 87.58000910282135)",61.551268100738525,71.73849105834961,230400,69,F,Desenfoque de linea blanca
,,,142,256,,D00,180,0.29482558369636536,"[0.21291327476501465, 0.6203778982162476, 0.32066816091537476, 0.913818359375]",D00,7285.165858729852,"(490.9428024291992, 96.04465842247009)",105.63856601715088,68.96312713623047,230400,208,F,Grieta Vertical
,,,143,257,,D00,181,0.5321940779685974,"[0.17851173877716064, 0.6781102418899536, 0.28468620777130127, 0.9030396938323975]",D00,5502.358683908824,"(505.96797943115234, 83.37563037872314)",80.97460269927979,67.95166015625,230400,208,F,Grieta Vertical
,,,144,258,,D40,182,0.411659836769104,"[0.3422306180000305, 0.7081752419471741, 0.37842026352882385, 0.7538634538650513]",D40,380.9526207327053,"(467.8523826599121, 129.7171586751938)",16.44775629043579,23.161373138427734,230400,385,F,"Protuberancia, baches"
,,,145,260,,D44,183,0.4910697042942047,"[0.15369386970996857, 0.5736294388771057, 0.3379078507423401, 0.9275014400482178]",D44,15019.354393717844,"(480.3618812561035, 88.48830968141556)",127.39392042160034,117.89694786071777,230400,70,F,Desenfoque de linea blanca
,,,146,261,,D44,184,0.24166573584079742,"[0.10670206695795059, 0.5833744406700134, 0.32917147874832153, 0.9349754452705383]",D44,18021.995983499277,"(485.87196350097656, 78.45723822712898)",126.57636165618896,142.3804235458374,230400,70,F,Desenfoque de linea blanca
,,,147,262,,D44,185,0.2760511636734009,"[0.08463677018880844, 0.5852920413017273, 0.338980495929718, 0.9367696046829224]",D44,20596.864431677146,"(487.0597267150879, 76.25110790133476)",126.53192281723022,162.77998447418213,230400,70,F,Desenfoque de linea blanca
,,,148,263,,D44,186,0.4228956997394562,"[0.1114141121506691, 0.5862001180648804, 0.338684618473053, 0.9373579025268555]",D44,18387.718841945003,"(487.53856658935547, 81.01777151226997)",126.41680240631104,145.45312404632568,230400,70,F,Desenfoque de linea blanca
,,,149,264,,D44,187,0.365794837474823,"[0.111983522772789, 0.5854519009590149, 0.34078487753868103, 0.9348951578140259]",D44,18421.192070146277,"(486.51105880737305, 81.4983120560646)",125.79957246780396,146.4328670501709,230400,70,F,Desenfoque de linea blanca
,,,150,265,,D44,188,0.4334109425544739,"[0.11593041568994522, 0.590144157409668, 0.341294527053833, 0.9347602128982544]",D44,17893.806591032877,"(487.96939849853516, 82.30048969388008)",124.06177997589111,144.23303127288818,230400,70,F,Desenfoque de linea blanca
,,,151,266,,D44,189,0.4830247759819031,"[0.10833064466714859, 0.6002923250198364, 0.33038538694381714, 0.9375953078269958]",D44,17256.89708153749,"(492.1240425109863, 78.96888568997383)",121.42907381057739,142.11503505706787,230400,70,F,Desenfoque de linea blanca
,,,152,268,,D44,190,0.2042325735092163,"[0.09860657155513763, 0.6019306182861328, 0.3312637209892273, 0.9483047723770142]",D44,18567.111934869943,"(496.07532501220703, 77.37665265798569)",124.69469547271729,148.90057563781738,230400,71,F,Desenfoque de linea blanca
,,,153,271,,D44,191,0.2693905830383301,"[0.13773831725120544, 0.5983535647392273, 0.3412991464138031, 0.9402608275413513]",D44,16035.592530289432,"(492.35660552978516, 86.22674345970154)",123.08661460876465,130.2789306640625,230400,72,F,Desenfoque de linea blanca
,,,154,272,,D44,192,0.21646974980831146,"[0.1498223841190338, 0.6000447869300842, 0.3386352062225342, 0.9373387694358826]",D44,14673.122776039327,"(491.9627380371094, 87.92236626148224)",121.4258337020874,120.84020614624023,230400,72,F,Desenfoque de linea blanca
,,,155,276,,D44,193,0.2064889818429947,"[0.16215233504772186, 0.6090168356895447, 0.28482896089553833, 0.936977744102478]",D44,9269.714915500823,"(494.71826553344727, 80.45663326978683)",118.065927028656,78.51304054260254,230400,73,F,Desenfoque de linea blanca
,,,156,277,,D44,194,0.40798383951187134,"[0.15115244686603546, 0.6231699585914612, 0.2765845060348511, 0.9428988695144653]",D44,9240.020507030455,"(501.1420249938965, 76.99265152215958)",115.1024079322815,80.27651786804199,230400,73,F,Desenfoque de linea blanca
,,,157,278,,D44,195,0.40644779801368713,"[0.15994437038898468, 0.6108801364898682, 0.27019211649894714, 0.9390544295310974]",D44,8335.98170243156,"(495.979061126709, 77.42456763982773)",118.14274549484253,70.55855751037598,230400,73,F,Desenfoque de linea blanca
,,,158,280,,D44,196,0.3278296887874603,"[0.166040301322937, 0.6124647855758667, 0.27272069454193115, 0.9405744671821594]",D44,8064.661214066291,"(496.97256088256836, 78.97697925567627)",118.11948537826538,68.27545166015625,230400,74,F,Desenfoque de linea blanca
,,,159,281,,D44,197,0.24597994983196259,"[0.17292267084121704, 0.5974258184432983, 0.2719724178314209, 0.9424796104431152]",D44,7874.493879304464,"(492.76973724365234, 80.08111596107483)",124.21936511993408,63.39183807373047,230400,74,F,Desenfoque de linea blanca
,,,160,282,,D44,198,0.2031404972076416,"[0.17031225562095642, 0.6079335808753967, 0.2657097280025482, 0.9448635578155518]",D44,7405.578586293996,"(496.8950843811035, 78.48395705223083)",121.29479169845581,61.05438232421875,230400,74,F,Desenfoque de linea blanca
,,,161,283,,D44,199,0.46142512559890747,"[0.16859790682792664, 0.5943045020103455, 0.2650488615036011, 0.9419780373573303]",D44,7726.105589687086,"(491.61041259765625, 78.05641829967499)",125.16247272491455,61.72861099243164,230400,74,F,Desenfoque de linea blanca
,,,161,283,,D44,200,0.33707231283187866,"[0.00019260644330643117, 0.5921938419342041, 0.1465577781200409, 0.9384464621543884]",D44,11676.516296151494,"(489.8048973083496, 26.41506922140252)",124.65094327926636,93.67370987311006,230400,74,F,Desenfoque de linea blanca
,,,162,284,,D44,201,0.37669312953948975,"[0.00013473033322952688, 0.611142635345459, 0.14891017973423004, 0.9330201745033264]",D44,11033.274364485089,"(494.1320991516113, 26.828083812142722)",115.87591409683228,95.21628761664033,230400,74,F,Desenfoque de linea blanca
,,,163,285,,D44,202,0.2170650213956833,"[8.620023436378688e-05, 0.6117432713508606, 0.15890488028526306, 0.9340816140174866]",D44,11794.947865829685,"(494.6639633178711, 28.618394493532833)",116.04180335998535,101.64395523257554,230400,74,F,Desenfoque de linea blanca
,,,164,286,,D44,203,0.24919788539409637,"[7.445811934303492e-05, 0.6042518019676208, 0.18202224373817444, 0.9324172735214233]",D44,13756.949191474323,"(491.73410415649414, 32.777406334353145)",118.1395697593689,116.4465827960521,230400,74,F,Desenfoque de linea blanca
,,,165,287,,D44,204,0.3291950821876526,"[8.281469490611926e-05, 0.6078112125396729, 0.19394156336784363, 0.9369388222694397]",D44,14700.503019093703,"(494.320011138916, 34.924388051294954)",118.48593950271606,124.06959915068,230400,74,F,Desenfoque de linea blanca
,,,166,288,,D44,205,0.7040627002716064,"[0.2103668749332428, 0.5747471451759338, 0.3222847580909729, 0.9467747211456299]",D44,9593.058534642432,"(486.8869972229004, 95.87729394435883)",133.92992734909058,71.62744522094727,230400,74,F,Desenfoque de linea blanca
,,,166,288,,D44,206,0.5219625234603882,"[0.0, 0.5906145572662354, 0.20983263850212097, 0.932675838470459]",D44,16537.103116300386,"(487.4529266357422, 37.769874930381775)",123.14206123352051,134.29288864135742,230400,74,F,Desenfoque de linea blanca
,,,167,289,,D44,207,0.5447285771369934,"[0.21148781478405, 0.58056640625, 0.3240252435207367, 0.9492216110229492]",D44,9558.722035709434,"(489.53216552734375, 96.3923504948616)",132.71587371826172,72.02395439147949,230400,74,F,Desenfoque de linea blanca
,,,167,289,,D44,208,0.3511562645435333,"[0.0, 0.5883632898330688, 0.20681433379650116, 0.9327202439308167]",D44,16408.616613101116,"(486.74673080444336, 37.22658008337021)",123.96850347518921,132.36117362976074,230400,74,F,Desenfoque de linea blanca
,,,168,290,,D44,209,0.4356430172920227,"[0.2147311419248581, 0.5815748572349548, 0.3251282870769501, 0.9452338218688965]",D44,9249.848410648952,"(488.5787773132324, 97.17469722032547)",130.917227268219,70.65417289733887,230400,74,F,Desenfoque de linea blanca
,,,168,290,,D44,210,0.26216763257980347,"[8.759498450672254e-05, 0.6017301678657532, 0.20011743903160095, 0.9352071285247803]",D44,15368.911357576128,"(491.8199348449707, 36.03690612289938)",120.05170583724976,128.0191001901403,230400,74,F,Desenfoque de linea blanca
,,,169,291,,D44,211,0.384746789932251,"[0.2209947109222412, 0.5831007361412048, 0.32249847054481506, 0.9508737921714783]",D44,8600.912150389922,"(490.8718490600586, 97.82877266407013)",132.39830017089844,64.96240615844727,230400,74,F,Desenfoque de linea blanca
,,,170,292,,D44,212,0.5124669671058655,"[0.21897654235363007, 0.5938792824745178, 0.3185749053955078, 0.9471049904823303]",D44,8105.6338103546295,"(493.1149673461914, 96.75926059484482)",127.1612548828125,63.74295234680176,230400,74,F,Desenfoque de linea blanca
,,,171,294,,D44,213,0.2075471580028534,"[0.20957601070404053, 0.6098946332931519, 0.3067569136619568, 0.941302478313446]",D44,7420.380739524717,"(496.3830757141113, 92.93992638587952)",119.30682420730591,62.195777893066406,230400,75,F,Desenfoque de linea blanca
,,,172,295,,D44,214,0.34082695841789246,"[0.2000112533569336, 0.5967532396316528, 0.29637354612350464, 0.9420974850654602]",D44,7667.288820574413,"(492.4322319030762, 89.34926390647888)",124.32392835617065,61.67186737060547,230400,75,F,Desenfoque de linea blanca
,,,173,296,,D44,215,0.3358706831932068,"[0.1772308200597763, 0.5618816614151001, 0.28822222352027893, 0.9447901248931885]",D44,9791.895803520993,"(482.13497161865234, 83.78154784440994)",137.84704685211182,71.03449821472168,230400,75,F,Desenfoque de linea blanca
,,,174,297,,D44,216,0.43582355976104736,"[0.1627998799085617, 0.5509107112884521, 0.2779519557952881, 0.9402152895927429]",D44,10328.65467124509,"(477.1603202819824, 79.33533042669296)",140.14964818954468,73.69732856750488,230400,75,F,Desenfoque de linea blanca
,,,174,297,,D44,217,0.38623911142349243,"[0.0001831650733947754, 0.5432484745979309, 0.178318589925766, 0.9379135370254517]",D44,16198.00210250819,"(473.9718437194824, 32.13031589984894)",142.07942247390747,114.00667190551758,230400,75,F,Desenfoque de linea blanca
,,,175,298,,D44,218,0.2661283612251282,"[0.16061778366565704, 0.5409881472587585, 0.2818504869937897, 0.941974401473999]",D44,11200.35400610352,"(474.5480155944824, 79.64428871870041)",144.35505151748657,77.58893013000488,230400,75,F,Desenfoque de linea blanca
,,,176,299,,D44,219,0.21656014025211334,"[0.16685810685157776, 0.5423501133918762, 0.2970008850097656, 0.9430713057518005]",D44,12015.583313030129,"(475.33485412597656, 83.49461853504181)",144.25962924957275,83.29137802124023,230400,75,F,Desenfoque de linea blanca
,,,177,300,,D44,220,0.47550585865974426,"[0.18199531733989716, 0.5337425470352173, 0.3155757188796997, 0.9390315413475037]",D44,12473.54878461649,"(471.2877082824707, 89.56278651952744)",145.9040379524231,85.49145698547363,230400,75,F,Desenfoque de linea blanca
,,,178,301,,D44,221,0.39579781889915466,"[0.19138674437999725, 0.5485991835594177, 0.3357216417789459, 0.9415317177772522]",D44,13066.877263343622,"(476.8418884277344, 94.87950950860977)",141.4557123184204,92.37433433532715,230400,75,F,Desenfoque de linea blanca
,,,179,302,,D44,222,0.3746373951435089,"[0.19464342296123505, 0.5594672560691833, 0.34891316294670105, 0.9397081136703491]",D44,13515.185257109555,"(479.7361183166504, 97.8401854634285)",136.88670873641968,98.73263359069824,230400,75,F,Desenfoque de linea blanca
,,,180,303,,D44,223,0.2992924749851227,"[0.19336970150470734, 0.5787614583969116, 0.35662615299224854, 0.940899133682251]",D44,13621.550242644162,"(486.29138946533203, 98.99925380945206)",130.36956310272217,104.48412895202637,230400,75,F,Desenfoque de linea blanca
,,,181,304,,D44,224,0.5423536896705627,"[0.17997176945209503, 0.6011857390403748, 0.35004255175590515, 0.9409759640693665]",D44,13314.444915425656,"(493.4917449951172, 95.40257781744003)",122.32448101043701,108.84530067443848,230400,75,F,Desenfoque de linea blanca
,,,182,305,,D44,225,0.48899805545806885,"[0.165626659989357, 0.6686474084854126, 0.32468438148498535, 0.9415861368179321]",D44,10002.358019286112,"(515.2747344970703, 88.25598746538162)",98.25794219970703,101.79694175720215,230400,75,F,Desenfoque de linea blanca
,,,183,308,,D44,226,0.36698469519615173,"[0.1401386559009552, 0.5895355343818665, 0.3969272971153259, 0.8926423788070679]",D44,17933.044544115408,"(474.296932220459, 96.6718715429306)",109.11846399307251,164.34473037719727,230400,76,F,Desenfoque de linea blanca
,,,184,309,,D44,227,0.29826998710632324,"[0.10549917072057724, 0.711057722568512, 0.2823217809200287, 0.9259189367294312]",D44,8753.430693555549,"(523.8325309753418, 69.80777129530907)",77.35003709793091,113.16647052764893,230400,76,F,Desenfoque de linea blanca
,,,185,315,,D44,228,0.3824039697647095,"[0.2213115692138672, 0.5752111673355103, 0.4676864743232727, 0.9344298243522644]",D44,20390.967368301517,"(483.0851173400879, 124.01964783668518)",129.3187165260315,157.67993927001953,230400,77,F,Desenfoque de linea blanca
,,,186,316,,D44,229,0.5475336909294128,"[0.21145805716514587, 0.5732999444007874, 0.4530596137046814, 0.9391122460365295]",D44,20362.94126818684,"(483.9719009399414, 119.61318075656891)",131.6924285888672,154.62499618530273,230400,77,F,Desenfoque de linea blanca
,,,187,317,,D44,230,0.5492508411407471,"[0.18230658769607544, 0.5928015112876892, 0.4238235354423523, 0.9440781474113464]",D44,19546.96572775647,"(491.8014907836914, 109.10342216491699)",126.4595890045166,154.5708465576172,230400,77,F,Desenfoque de linea blanca
,,,188,318,,D44,231,0.31801679730415344,"[0.15868312120437622, 0.5873151421546936, 0.44083166122436523, 0.9392457008361816]",D44,22877.958141020372,"(488.4994697570801, 107.91266083717346)",126.6950011253357,180.57506561279297,230400,77,F,Desenfoque de linea blanca
,,,189,319,,D44,232,0.48803412914276123,"[0.13339614868164062, 0.5597790479660034, 0.46754398941993713, 0.9431167840957642]",D44,29512.276255011784,"(480.9266662597656, 108.169224858284)",138.00158500671387,213.85461807250977,230400,77,F,Desenfoque de linea blanca
,,,190,320,,D44,233,0.27568957209587097,"[0.1253231018781662, 0.554241418838501, 0.4457046091556549, 0.9444188475608826]",D44,28801.297778626144,"(479.57128524780273, 102.7849879860878)",140.46387434005737,205.04416465759277,230400,77,F,Desenfoque de linea blanca
,,,191,321,,D44,234,0.2841644287109375,"[0.09891723096370697, 0.541858434677124, 0.449389785528183, 0.9422049522399902]",D44,32327.531532575904,"(474.90028381347656, 98.69526296854019)",144.12474632263184,224.30243492126465,230400,77,F,Desenfoque de linea blanca
,,,192,340,,D20,235,0.2063479870557785,"[0.2777230143547058, 0.7018553018569946, 0.325836181640625, 0.7502029538154602]",D20,535.9469567752058,"(464.65864181518555, 108.64065527915955)",17.405154705047607,30.79242706298828,230400,9,F,Piel de cocodrilo
,,,193,353,,D20,236,0.3661358058452606,"[0.3974442481994629, 0.6591902375221252, 0.566042423248291, 0.9361863732337952]",D20,10759.920301800594,"(510.52051544189453, 173.4276008605957)",99.71860885620117,107.90283203125,230400,10,F,Piel de cocodrilo
,,,194,355,,D20,237,0.22790946066379547,"[0.31742605566978455, 0.718418538570404, 0.5900226831436157, 0.935488224029541]",D20,13633.335747755382,"(529.2501640319824, 163.34077298641205)",78.1450867652893,174.46184158325195,230400,11,F,Piel de cocodrilo
,,,195,390,,D00,238,0.2329614907503128,"[0.1471535861492157, 0.6306514143943787, 0.2774752676486969, 0.7767239809036255]",D00,4385.991741334237,"(450.3601264953613, 76.43319368362427)",52.58612394332886,83.40587615966797,230400,209,F,Grieta Vertical
,,,196,391,,D00,239,0.29196256399154663,"[0.08993401378393173, 0.7170942425727844, 0.21052277088165283, 0.8519836664199829]",D00,3747.720491680059,"(502.10493087768555, 54.08222123980522)",48.560192584991455,77.1768045425415,230400,209,F,Grieta Vertical
,,,197,400,,D00,240,0.552388608455658,"[0.4084587097167969, 0.6875449419021606, 0.5436303019523621, 0.9353430867195129]",D00,7717.3101591507475,"(519.3241691589355, 171.3760221004486)",89.20733213424683,86.50981903076172,230400,210,F,Grieta Vertical
,,,198,416,,D20,241,0.2740495800971985,"[0.27142134308815, 0.6920379400253296, 0.6236662864685059, 0.9475114345550537]",D20,20733.522420281315,"(524.6557998657227, 161.11577332019806)",91.97045803070068,225.43676376342773,230400,12,F,Piel de cocodrilo
,,,199,470,,D44,242,0.27411994338035583,"[4.9591064453125e-05, 0.5577990412712097, 0.21239504218101501, 0.9336482286453247]",D44,18388.192952390316,"(477.263126373291, 38.240033984184265)",135.3057074546814,135.9010887145996,230400,78,F,Desenfoque de linea blanca
,,,200,471,,D44,243,0.20082905888557434,"[0.0, 0.5856475830078125, 0.18680761754512787, 0.9353598952293396]",D44,15051.784060178237,"(486.7223930358887, 33.625371158123016)",125.89643239974976,119.55687522888184,230400,78,F,Desenfoque de linea blanca
,,,201,472,,D44,244,0.3325624167919159,"[0.0, 0.5719937086105347, 0.17643903195858002, 0.9404052495956421]",D44,14976.50127063116,"(483.96766662597656, 31.759025752544403)",132.62815475463867,112.92098045349121,230400,78,F,Desenfoque de linea blanca
,,,202,481,,D44,245,0.2560681998729706,"[6.558895256603137e-05, 0.5291778445243835, 0.24454116821289062, 0.940581738948822]",D44,23173.21852401439,"(470.3230667114258, 44.0292162897822)",148.10540199279785,156.46437072660774,230400,79,F,Desenfoque de linea blanca
,,,203,540,,D20,246,0.2356123924255371,"[0.35323992371559143, 0.787907600402832, 0.5685261487960815, 0.9341605305671692]",D20,7254.429982166175,"(551.0618019104004, 165.91789305210114)",52.65105485916138,137.78318405151367,230400,13,F,Piel de cocodrilo
,,,204,541,,D20,247,0.22230678796768188,"[0.36033815145492554, 0.7928469181060791, 0.5779082775115967, 0.9340953230857849]",D20,7080.522226960511,"(552.6215171813965, 168.884357213974)",50.84942579269409,139.24488067626953,230400,13,F,Piel de cocodrilo
,,,205,548,,D44,248,0.21507598459720612,"[0.09795813262462616, 0.6222684979438782, 0.3437266945838928, 0.943697452545166]",D44,18200.939199996425,"(501.10910415649414, 79.50326889753342)",115.71442365646362,157.29187965393066,230400,80,F,Desenfoque de linea blanca
,,,206,550,,D44,249,0.255690336227417,"[0.10499715805053711, 0.618640661239624, 0.34411129355430603, 0.9416881799697876]",D44,17797.300569861272,"(499.3052291870117, 80.83952128887177)",116.29710674285889,153.0330467224121,230400,81,F,Desenfoque de linea blanca
,,,207,551,,D44,250,0.24138839542865753,"[0.10241849720478058, 0.6183123588562012, 0.3443000912666321, 0.942918062210083]",D44,18090.119800812772,"(499.59373474121094, 80.40934592485428)",116.85805320739746,154.80422019958496,230400,81,F,Desenfoque de linea blanca
,,,208,552,,D44,251,0.25479400157928467,"[0.10285277664661407, 0.6186460852622986, 0.3439382016658783, 0.9423022866249084]",D44,17977.83387624008,"(499.50347900390625, 80.42237609624863)",116.51623249053955,154.2946720123291,230400,81,F,Desenfoque de linea blanca
,,,209,553,,D44,252,0.21540069580078125,"[0.10243085771799088, 0.6153547763824463, 0.34543585777282715, 0.9429246783256531]",D44,18340.098978740356,"(498.6494255065918, 80.61600878834724)",117.92516469955444,155.52320003509521,230400,81,F,Desenfoque de linea blanca
,,,210,554,,D44,253,0.23122026026248932,"[0.10096551477909088, 0.6190044283866882, 0.34378185868263245, 0.9431710243225098]",D44,18135.46313643867,"(499.89614486694336, 80.0545272231102)",116.69997453689575,155.4024600982666,230400,81,F,Desenfoque de linea blanca
,,,211,556,,D44,254,0.21559399366378784,"[0.0976925864815712, 0.6067950129508972, 0.3524545729160309, 0.9448888301849365]",D44,19845.147451335095,"(496.5388298034668, 81.02648869156837)",121.71377420425415,163.0476713180542,230400,82,F,Desenfoque de linea blanca
,,,212,557,,D44,255,0.24286241829395294,"[0.10002293437719345, 0.6080095767974854, 0.3505092263221741, 0.9455574154853821]",D44,19480.574929990747,"(497.1414375305176, 81.09578892588615)",121.51722192764282,160.3112268447876,230400,82,F,Desenfoque de linea blanca
,,,213,559,,D44,256,0.21336589753627777,"[0.100690558552742, 0.6128125786781311, 0.34705081582069397, 0.944731593132019]",D44,18840.18903390372,"(498.41413497924805, 80.59344738721848)",119.49084520339966,157.67056465148926,230400,83,F,Desenfoque de linea blanca
,,,214,560,,D44,257,0.2559649646282196,"[0.10105741024017334, 0.615251898765564, 0.34583643078804016, 0.9443045854568481]",D44,18557.6127798382,"(499.0580749511719, 80.44089138507843)",118.4589672088623,156.65857315063477,230400,83,F,Desenfoque de linea blanca
,,,215,561,,D44,258,0.2835759222507477,"[0.10128124058246613, 0.6172563433647156, 0.3445594608783722, 0.9440518021583557]",D44,18317.310938749644,"(499.6186065673828, 80.2513262629509)",117.64636516571045,155.69806098937988,230400,83,F,Desenfoque de linea blanca
,,,216,562,,D44,259,0.35508978366851807,"[0.10152784734964371, 0.6200791001319885, 0.3422352373600006, 0.9442252516746521]",D44,17976.815797187213,"(500.577392578125, 79.87735524773598)",116.69261455535889,154.05272960662842,230400,83,F,Desenfoque de linea blanca
,,,217,563,,D44,260,0.36123770475387573,"[0.10087356716394424, 0.6185801029205322, 0.34344911575317383, 0.9438707232475281]",D44,18180.29967592362,"(499.9842643737793, 79.97808292508125)",117.1046233177185,155.24835109710693,230400,83,F,Desenfoque de linea blanca
,,,218,564,,D44,261,0.3918817639350891,"[0.10094819962978363, 0.6203738451004028, 0.342404305934906, 0.9435051679611206]",D44,17976.275952346896,"(500.4412841796875, 79.80345100164413)",116.3272762298584,154.53190803527832,230400,83,F,Desenfoque de linea blanca
,,,219,565,,D44,262,0.34949102997779846,"[0.10050127655267715, 0.6206892132759094, 0.34270671010017395, 0.9434290528297424]",D44,18010.216572407582,"(500.5178451538086, 79.7774375975132)",116.18634223937988,155.01147747039795,230400,83,F,Desenfoque de linea blanca
,,,220,568,,D44,263,0.21609072387218475,"[0.10346150398254395, 0.6152874827384949, 0.34549039602279663, 0.942537248134613]",D44,18248.578131284376,"(498.50391387939453, 80.8113420009613)",117.80991554260254,154.89849090576172,230400,84,F,Desenfoque de linea blanca
,,,221,569,,D44,264,0.25850436091423035,"[0.09974006563425064, 0.6262193918228149, 0.34010234475135803, 0.9431725144386292]",D44,17552.69566277094,"(502.2054100036621, 79.17163386940956)",114.10312414169312,153.83185863494873,230400,84,F,Desenfoque de linea blanca
,,,222,570,,D44,265,0.25211262702941895,"[0.10501366853713989, 0.6139740347862244, 0.3463035523891449, 0.9425621628761292]",D44,18267.261986755784,"(498.0915832519531, 81.23709976673126)",118.29172611236572,154.4255256652832,230400,84,F,Desenfoque de linea blanca
,,,223,571,,D44,266,0.22068171203136444,"[0.10142417252063751, 0.6275674104690552, 0.33945170044898987, 0.942861795425415]",D44,17291.230392004443,"(502.53734588623047, 79.35765713453293)",113.50597858428955,152.3376178741455,230400,84,F,Desenfoque de linea blanca
,,,224,572,,D44,267,0.2567034065723419,"[0.10524354130029678, 0.610933780670166, 0.34850454330444336, 0.9421629309654236]",D44,18564.511102573,"(496.9909477233887, 81.67465522885323)",119.24249410629272,155.6870412826538,230400,84,F,Desenfoque de linea blanca
,,,225,573,,D44,268,0.3063755929470062,"[0.10444792360067368, 0.6167100071907043, 0.3472110629081726, 0.9434055685997009]",D44,18272.941075693165,"(499.2369842529297, 81.29861757159233)",117.61040210723877,155.36840915679932,230400,84,F,Desenfoque de linea blanca
,,,226,574,,D44,269,0.2933730185031891,"[0.10206981003284454, 0.6237454414367676, 0.3456384241580963, 0.9447025060653687]",D44,18011.535534788483,"(501.9033432006836, 80.58748215436935)",115.54454326629639,155.88391304016113,230400,84,F,Desenfoque de linea blanca
,,,227,575,,D44,270,0.29912468791007996,"[0.10356660187244415, 0.6151900291442871, 0.34829840064048767, 0.9439038634300232]",D44,18534.926118456293,"(498.9100456237793, 81.33570045232773)",118.33698034286499,156.62835121154785,230400,84,F,Desenfoque de linea blanca
,,,228,576,,D44,271,0.24947835505008698,"[0.10447194427251816, 0.6144261956214905, 0.34802454710006714, 0.9432234168052673]",D44,18450.29814261677,"(498.4478759765625, 81.44936844706535)",118.36699962615967,155.87366580963135,230400,84,F,Desenfoque de linea blanca
,,,229,577,,D44,272,0.2551223337650299,"[0.10282305628061295, 0.6145046949386597, 0.34906721115112305, 0.9423153400421143]",D44,18598.223292147508,"(498.18241119384766, 81.34024813771248)",118.01183223724365,157.59625911712646,230400,84,F,Desenfoque de linea blanca
,,,230,578,,D44,273,0.3391229212284088,"[0.10118131339550018, 0.6205910444259644, 0.3476431369781494, 0.944122850894928]",D44,18371.690267749524,"(500.70844650268555, 80.78840106725693)",116.4714503288269,157.7355670928955,230400,84,F,Desenfoque de linea blanca
,,,231,579,,D44,274,0.38340455293655396,"[0.10219311714172363, 0.6215900182723999, 0.34509578347206116, 0.9423918128013611]",D44,17953.60003306946,"(500.4741859436035, 80.51200211048126)",115.48864603042603,155.45770645141602,230400,84,F,Desenfoque de linea blanca
,,,232,580,,D44,275,0.37473854422569275,"[0.10330101102590561, 0.6189664006233215, 0.34590238332748413, 0.9426815509796143]",D44,18094.17362947164,"(499.72734451293945, 80.85661098361015)",116.53745412826538,155.26487827301025,230400,84,F,Desenfoque de linea blanca
,,,233,581,,D44,276,0.33153560757637024,"[0.10150705277919769, 0.6183428764343262, 0.3464663028717041, 0.9432018995285034]",D44,18334.592106147968,"(499.69432830810547, 80.63520401716232)",116.94924831390381,156.7739200592041,230400,84,F,Desenfoque de linea blanca
,,,234,582,,D44,277,0.3468661904335022,"[0.10272049903869629, 0.6232219934463501, 0.34452682733535767, 0.9423612952232361]",D44,17779.945600011797,"(500.9866523742676, 80.50451874732971)",114.89014863967896,154.75605010986328,230400,84,F,Desenfoque de linea blanca
,,,235,600,,D00,279,0.21720440685749054,"[0.4294883608818054, 0.680715799331665, 0.5182123184204102, 0.9312416911125183]",D00,5121.250233911542,"(515.8263969421387, 170.5861222743988)",90.18932104110718,56.78333282470703,230400,211,F,Grieta Vertical
,,,235,600,,D44,278,0.5023507475852966,"[0.012503420934081078, 0.551491379737854, 0.3930305540561676, 0.9310969710350037]",D44,33281.332386835704,"(474.42827224731445, 72.99611549824476)",136.65801286697388,243.53736519813538,230400,85,F,Desenfoque de linea blanca
,,,236,601,,D44,280,0.44095730781555176,"[0.025619864463806152, 0.5916526913642883, 0.3408575654029846, 0.9323937892913818]",D44,24748.28705111695,"(487.69487380981445, 65.96593737602234)",122.66679525375366,201.75212860107422,230400,85,F,Desenfoque de linea blanca
,,,237,602,,D44,281,0.25222447514533997,"[0.0015061140293255448, 0.6356146931648254, 0.2513951063156128, 0.9316302537918091]",D44,17042.925345670035,"(501.51838302612305, 45.5222196620889)",106.56560182571411,159.92895506322384,230400,85,F,Desenfoque de linea blanca
,,,238,620,,D44,282,0.30510058999061584,"[0.06088538095355034, 0.5461621880531311, 0.3935433328151703, 0.9436029195785522]",D44,30461.603267089282,"(476.7248344421387, 81.79716847836971)",143.0786633491516,212.90108919143677,230400,86,F,Desenfoque de linea blanca
,,,239,621,,D44,283,0.3216725289821625,"[0.07410027831792831, 0.5948083400726318, 0.35247623920440674, 0.9474002122879028]",D44,22614.474523089826,"(493.5067367553711, 76.78377315402031)",126.93307399749756,178.1606149673462,230400,86,F,Desenfoque de linea blanca
,,,240,634,,D44,284,0.2697458565235138,"[0.10551073402166367, 0.580482542514801, 0.3905945122241974, 0.9481515884399414]",D44,24149.717162601963,"(489.1629219055176, 89.29894432425499)",132.36085653305054,182.45361804962158,230400,87,F,Desenfoque de linea blanca
,,,241,636,,D44,285,0.20079638063907623,"[0.07320402562618256, 0.5389329791069031, 0.40270692110061646, 0.9458906650543213]",D44,30895.196741049516,"(475.1435661315918, 85.66397041082382)",146.50476694107056,210.8818531036377,230400,88,F,Desenfoque de linea blanca
,,,242,638,,D10,287,0.23251859843730927,"[0.26918044686317444, 0.7043180465698242, 0.5524337291717529, 0.7704930901527405]",D10,4318.686328728791,"(471.9395637512207, 147.89055168628693)",23.823015689849854,181.28210067749023,230400,351,F,Grieta e Intervalo Lineal Transversal
,,,242,638,,D44,286,0.29180797934532166,"[0.0558510422706604, 0.5517376661300659, 0.38353219628334045, 0.9505376219749451]",D44,30108.49453473543,"(480.7280921936035, 79.08898293972015)",143.5679841041565,209.71593856811523,230400,89,F,Desenfoque de linea blanca
,,,243,673,,D44,288,0.22629116475582123,"[1.920461727422662e-05, 0.5788193941116333, 0.1533585488796234, 0.939206600189209]",D44,12732.25832305357,"(485.76831817626953, 27.607995629441575)",129.73939418792725,98.13718032790348,230400,90,F,Desenfoque de linea blanca
,,,244,689,,D00,289,0.31565284729003906,"[0.48946744203567505, 0.611217737197876, 0.5529020428657532, 0.7852347493171692]",D00,2543.3164112095255,"(446.86479568481445, 187.62650728225708)",62.64612436294556,40.59814453125,230400,212,F,Grieta Vertical
,,,245,696,,D00,290,0.249615877866745,"[0.5640095472335815, 0.5455513000488281, 0.7445906400680542, 0.8529011011123657]",D00,12787.560105641023,"(447.50476837158203, 235.54803371429443)",110.64592838287354,115.5718994140625,230400,213,F,Grieta Vertical
,,,246,697,,D00,292,0.36902037262916565,"[0.5132431983947754, 0.5655237436294556, 0.7740588188171387, 0.8969762325286865]",D00,19917.616097154678,"(467.99999237060547, 231.71436309814453)",119.32289600372314,166.9219970703125,230400,213,F,Grieta Vertical
,,,246,697,,D44,291,0.4365178942680359,"[0.023518657311797142, 0.5539311766624451, 0.35560646653175354, 0.9417620897293091]",D44,29674.118768981814,"(478.6218452453613, 68.24252229183912)",139.61912870407104,212.5361979007721,230400,91,F,Desenfoque de linea blanca
,,,247,698,,D00,293,0.6241485476493835,"[0.4290129542350769, 0.5575846433639526, 0.5534266233444214, 0.9362279176712036]",D00,10853.775138848505,"(478.02001953125, 176.8391239643097)",136.31157875061035,79.62474822998047,230400,213,F,Grieta Vertical
,,,247,698,,D44,294,0.39244934916496277,"[0.0002105236053466797, 0.5605778694152832, 0.25279226899147034, 0.9312759637832642]",D44,21572.71411663287,"(477.39322662353516, 45.54050266742706)",133.45131397247314,161.65231704711914,230400,91,F,Desenfoque de linea blanca
,,,248,699,,D20,295,0.2348174899816513,"[0.27445903420448303, 0.540911853313446, 0.3653072714805603, 0.940093457698822]",D20,8355.443353677583,"(473.9216995239258, 115.1579350233078)",143.70537757873535,58.14287185668945,230400,14,F,Piel de cocodrilo
,,,249,703,,D00,296,0.3457666337490082,"[0.3421279788017273, 0.6448649168014526, 0.5334867238998413, 0.8392673134803772]",D00,8571.017934154315,"(474.92231369018555, 157.61064648628235)",69.98486280441284,122.46959686279297,230400,214,F,Grieta Vertical
,,,250,705,,D00,297,0.3882179260253906,"[0.21361275017261505, 0.6644455194473267, 0.551095187664032, 0.9364266395568848]",D00,21148.151354776972,"(512.2790908813477, 137.64742881059647)",97.91320323944092,215.98875999450684,230400,215,F,Grieta Vertical
,,,251,706,,D00,298,0.28361502289772034,"[0.27447509765625, 0.7489378452301025, 0.522834300994873, 0.9425472617149353]",D00,11078.710372691421,"(541.2752342224121, 143.51569175720215)",69.6993899345398,158.94989013671875,230400,215,F,Grieta Vertical
,,,252,716,,D44,299,0.2873398959636688,"[0.5342659950256348, 0.6294078826904297, 0.7704101800918579, 0.9105009436607361]",D44,15293.604513162973,"(492.77082443237305, 234.84171152114868)",101.1935019493103,151.1322784423828,230400,92,F,Desenfoque de linea blanca
,,,253,719,,D44,300,0.22192829847335815,"[0.5615893602371216, 0.6777536869049072, 0.7003880739212036, 0.894913375377655]",D44,6944.598241701897,"(503.2534599304199, 227.15593814849854)",78.17748785018921,88.8311767578125,230400,93,F,Desenfoque de linea blanca
,,,254,725,,D00,301,0.2166317254304886,"[0.32212138175964355, 0.7393030524253845, 0.3695628046989441, 0.8724465370178223]",D00,1455.325370302944,"(515.7598686218262, 124.50315356254578)",47.93165445327759,30.362510681152344,230400,216,F,Grieta Vertical
,,,255,726,,D00,302,0.5140054821968079,"[0.3019539713859558, 0.7475928664207458, 0.3706379532814026, 0.9301185011863708]",D00,2888.429735507816,"(536.8676376342773, 121.06654644012451)",65.709228515625,43.95774841308594,230400,216,F,Grieta Vertical
,,,256,728,,D20,303,0.2168091982603073,"[0.35824233293533325, 0.6122210025787354, 0.5420635342597961, 0.9212275743484497]",D20,13087.171408864378,"(490.7035446166992, 162.0550560951233)",111.24236583709717,117.64556884765625,230400,15,F,Piel de cocodrilo
,,,257,731,,D00,304,0.23050189018249512,"[0.3184179663658142, 0.6511305570602417, 0.3985883295536041, 0.7917999029159546]",D00,2598.338890746163,"(461.7377471923828, 129.0611332654953)",50.64096450805664,51.30903244018555,230400,217,F,Grieta Vertical
,,,258,732,,D20,305,0.20492611825466156,"[0.43806591629981995, 0.6506729125976562, 0.5276483297348022, 0.733889102935791]",D20,1717.5645313585846,"(443.0598449707031, 173.828564286232)",29.957828521728516,57.33274459838867,230400,16,F,Piel de cocodrilo
,,,259,734,,D00,306,0.537386953830719,"[0.47358304262161255, 0.7320829629898071, 0.5475538372993469, 0.8495912551879883]",D00,2002.6786763803102,"(506.13574981689453, 183.8046383857727)",42.302985191345215,47.34130859375,230400,218,F,Grieta Vertical
,,,260,735,,D00,307,0.6802867650985718,"[0.34150809049606323, 0.6616959571838379, 0.41387659311294556, 0.8010340929031372]",D00,2323.2826919655054,"(468.07361602783203, 135.96924304962158)",50.161728858947754,46.31584167480469,230400,218,F,Grieta Vertical
,,,261,736,,D00,308,0.3788304924964905,"[0.3441087603569031, 0.7157087326049805, 0.40830525755882263, 0.9437916874885559]",D00,3373.5460089574644,"(531.0401344299316, 135.43452322483063)",82.10986375808716,41.085758209228516,230400,218,F,Grieta Vertical
,,,262,741,,D00,309,0.580858588218689,"[0.3928499221801758, 0.6797727942466736, 0.530791163444519, 0.9278867840766907]",D00,7885.474959099156,"(514.4510650634766, 166.25539541244507)",89.32103633880615,88.28239440917969,230400,219,F,Grieta Vertical
,,,262,741,,D44,310,0.4141179323196411,"[0.5175286531448364, 0.6089959740638733, 0.7010248303413391, 0.9143026471138]",D44,12907.608739717034,"(487.45555877685547, 219.3396270275116)",109.91040229797363,117.43755340576172,230400,94,F,Desenfoque de linea blanca
,,,263,742,,D00,312,0.4283994436264038,"[0.37223106622695923, 0.7276113033294678, 0.43069568276405334, 0.924302339553833]",D00,2649.476968506133,"(528.6123657226562, 144.52681481838226)",70.80877304077148,37.417354583740234,230400,219,F,Grieta Vertical
,,,263,742,,D44,311,0.4622651934623718,"[0.5188323259353638, 0.6093221306800842, 0.6973162889480591, 0.9104020595550537]",D44,12381.221120068221,"(486.31174087524414, 218.9067506790161)",108.38877439498901,114.229736328125,230400,94,F,Desenfoque de linea blanca
,,,264,743,,D20,313,0.4798605442047119,"[0.3129202425479889, 0.6397476196289062, 0.44210726022720337, 0.9346879720687866]",D20,8778.807826551838,"(503.8193893432617, 135.9049504995346)",106.17852687835693,82.67969131469727,230400,17,F,Piel de cocodrilo
,,,265,744,,D20,314,0.4252055883407593,"[0.271280437707901, 0.6609532833099365, 0.5567138195037842, 0.9232193231582642]",D20,17247.624810421712,"(506.9352340698242, 149.03896629810333)",94.41577434539795,182.67736434936523,230400,17,F,Piel de cocodrilo
,,,265,744,,D44,315,0.32621222734451294,"[0.5417834520339966, 0.6559847593307495, 0.6964499354362488, 0.9162216782569885]",D44,9273.583665045135,"(503.1060600280762, 222.88200974464417)",93.68529081344604,98.9865493774414,230400,95,F,Desenfoque de linea blanca
,,,266,745,,D20,316,0.6006759405136108,"[0.33190029859542847, 0.6687528491020203, 0.5464421510696411, 0.9397557377815247]",D20,13395.792790232917,"(514.7227478027344, 158.10164093971252)",97.56103992462158,137.3067855834961,230400,17,F,Piel de cocodrilo
,,,267,749,,D20,317,0.27285879850387573,"[0.23097959160804749, 0.6220645308494568, 0.38599634170532227, 0.9373281002044678]",D20,11259.909261038729,"(499.00564193725586, 111.05566799640656)",113.49488496780396,99.21072006225586,230400,18,F,Piel de cocodrilo
,,,268,750,,D20,318,0.29471355676651,"[0.22697849571704865, 0.6304923295974731, 0.449085533618927, 0.9370211958885193]",D20,15686.143147774124,"(501.6043281555176, 121.69152528047562)",110.35039186477661,142.14850425720215,230400,18,F,Piel de cocodrilo
,,,269,752,,D00,319,0.33352649211883545,"[0.18707206845283508, 0.6492082476615906, 0.35212650895118713, 0.9313164353370667]",D00,10728.163371290066,"(505.7678985595703, 97.055743932724)",101.55894756317139,105.63484191894531,230400,220,F,Grieta Vertical
,,,270,754,,D00,320,0.20552173256874084,"[0.4347156584262848, 0.5821573734283447, 0.5572057962417603, 0.8361636400222778]",D00,7168.495703290046,"(453.8627243041992, 178.5458618402481)",91.44225597381592,78.3936882019043,230400,221,F,Grieta Vertical
,,,271,756,,D00,321,0.4363522231578827,"[0.585741400718689, 0.7521177530288696, 0.7258050441741943, 0.8962200880050659]",D00,4650.277954685589,"(527.4681091308594, 236.078360080719)",51.876840591430664,89.64073181152344,230400,222,F,Grieta Vertical
,,,272,757,,D00,322,0.3125359117984772,"[0.44107645750045776, 0.5942447185516357, 0.5658319592475891, 0.9268003702163696]",D00,9558.869110796877,"(486.7344284057617, 181.24351501464844)",119.7200345993042,79.84352111816406,230400,222,F,Grieta Vertical
,,,273,758,,D00,323,0.2472194880247116,"[0.4482700228691101, 0.6132850050926208, 0.5765014886856079, 0.9407650232315063]",D00,9675.243129960018,"(497.2960090637207, 184.45887207984924)",117.89280652999878,82.0681381225586,230400,222,F,Grieta Vertical
,,,274,760,,D00,324,0.256325900554657,"[0.513476550579071, 0.6246627569198608, 0.5817793011665344, 0.7470521926879883]",D00,1926.0368883788033,"(438.9487838745117, 197.14605331420898)",44.06019687652588,43.71376037597656,230400,223,F,Grieta Vertical
,,,275,762,,D00,325,0.30108368396759033,"[0.31347447633743286, 0.6802406907081604, 0.38836854696273804, 0.9254429936408997]",D00,4231.111355903704,"(513.8187789916992, 126.33174419403076)",88.27282905578613,47.93220520019531,230400,224,F,Grieta Vertical
,,,275,762,,D00,326,0.2566664516925812,"[0.6196697950363159, 0.8264852166175842, 0.6706490516662598, 0.9148664474487305]",D00,1038.0924167757257,"(557.2325325012207, 232.25739240646362)",31.817243099212646,32.62672424316406,230400,224,F,Grieta Vertical
,,,276,763,,D00,327,0.26494014263153076,"[0.43778759241104126, 0.5793842077255249, 0.4774148464202881, 0.7272830605506897]",D00,1350.3341741366057,"(418.1335258483887, 164.73643898963928)",53.243587017059326,25.36144256591797,230400,224,F,Grieta Vertical
,,,277,764,,D00,328,0.34330588579177856,"[0.44173502922058105, 0.5982859134674072, 0.49978795647621155, 0.8833848834037781]",D00,3813.3111772503526,"(474.1346549987793, 169.47413742542267)",102.6356291770935,37.153873443603516,230400,224,F,Grieta Vertical
,,,278,765,,D00,329,0.23686806857585907,"[0.4436798095703125, 0.6187970042228699, 0.5106126666069031, 0.9407787919044495]",D00,4965.387485939027,"(499.0642547607422, 171.7726457118988)",115.91344356536865,42.83702850341797,230400,224,F,Grieta Vertical
,,,279,766,,D00,330,0.22872187197208405,"[0.4483942985534668, 0.6856796145439148, 0.5127493143081665, 0.9344590902328491]",D00,3688.751710634642,"(518.4443855285645, 173.005850315094)",89.56061124801636,41.18721008300781,230400,224,F,Grieta Vertical
,,,280,768,,D00,331,0.2246575802564621,"[0.1702730506658554, 0.623182475566864, 0.2974417209625244, 0.7883697748184204]",D00,4839.931974693513,"(451.696720123291, 84.18865889310837)",59.4674277305603,81.38794898986816,230400,225,F,Grieta Vertical
,,,281,770,,D00,332,0.31184646487236023,"[0.310417503118515, 0.5454670190811157, 0.40820688009262085, 0.7988983392715454]",D00,5709.978065006726,"(430.19691467285156, 129.35238897800446)",91.23527526855469,62.585201263427734,230400,226,F,Grieta Vertical
,,,282,771,,D00,333,0.35084855556488037,"[0.24021801352500916, 0.539229691028595, 0.4138564169406891, 0.9413534998893738]",D00,16087.480968042473,"(473.78662109375, 117.73339748382568)",144.76457118988037,111.12857818603516,230400,226,F,Grieta Vertical
,,,283,772,,D00,334,0.3256281614303589,"[0.19691428542137146, 0.5624684691429138, 0.41014012694358826, 0.931262195110321]",D00,18117.815631555277,"(477.99381256103516, 109.26979422569275)",132.7657413482666,136.46453857421875,230400,226,F,Grieta Vertical
,,,284,773,,D00,335,0.24437494575977325,"[0.22640982270240784, 0.604393482208252, 0.4202188551425934, 0.8602423667907715]",D00,11424.574027431663,"(468.6834716796875, 116.39316201210022)",92.10559844970703,124.03778076171875,230400,226,F,Grieta Vertical
,,,285,775,,D00,336,0.32241326570510864,"[0.5793255567550659, 0.6630223989486694, 0.7601893544197083, 0.8850784301757812]",D00,9253.301092317815,"(495.3922653198242, 241.11268401145935)",79.94017124176025,115.7528305053711,230400,227,F,Grieta Vertical
,,,285,775,,D00,337,0.2762390375137329,"[0.26791563630104065, 0.5893270969390869, 0.37365609407424927, 0.8368071913719177]",D00,6029.258912659452,"(456.3629722595215, 115.48291146755219)",89.09283399581909,67.67389297485352,230400,227,F,Grieta Vertical
,,,286,776,,D00,338,0.568110466003418,"[0.5953192114830017, 0.682207465171814, 0.752640962600708, 0.8835631608963013]",D00,7298.52610150665,"(501.0466003417969, 242.63283133506775)",72.48805046081543,100.68592071533203,230400,227,F,Grieta Vertical
,,,286,776,,D00,339,0.47865554690361023,"[0.21166996657848358, 0.6140856146812439, 0.35377374291419983, 0.9352239966392517]",D00,10514.298655313178,"(495.7790756225586, 101.77986770868301)",115.60981750488281,90.9464168548584,230400,227,F,Grieta Vertical
,,,287,777,,D00,340,0.5869336128234863,"[0.21409659087657928, 0.6861013770103455, 0.31402868032455444, 0.9377123713493347]",D00,5793.180455203856,"(519.6203994750977, 95.06254881620407)",90.57995796203613,63.9565372467041,230400,227,F,Grieta Vertical
,,,287,777,,D00,341,0.5731652975082397,"[0.6560931205749512, 0.7393397092819214, 0.7600909471511841, 0.8972695469856262]",D00,3784.172514675265,"(523.7149620056152, 254.91313219070435)",56.85474157333374,66.55860900878906,230400,227,F,Grieta Vertical
,,,288,778,,D00,342,0.44414958357810974,"[0.19266735017299652, 0.6651628613471985, 0.2765875458717346, 0.9395318031311035]",D00,5304.981954392292,"(513.5022926330566, 84.4658812880516)",98.77281904220581,53.70892524719238,230400,227,F,Grieta Vertical
,,,288,778,,D00,343,0.21035261452198029,"[0.5946931838989258, 0.6090876460075378, 0.7026985287666321, 0.7186645269393921]",D00,2726.758382877506,"(424.8806953430176, 233.53050827980042)",39.44767713546753,69.12342071533203,230400,227,F,Grieta Vertical
,,,289,782,,D00,344,0.2908330261707306,"[0.4302492141723633, 0.5336818099021912, 0.4801778793334961, 0.8380851149559021]",D00,3501.723039429635,"(438.96541595458984, 163.8768768310547)",109.58518981933594,31.954345703125,230400,228,F,Grieta Vertical
,,,290,784,,D00,345,0.286971777677536,"[0.43274298310279846, 0.5665539503097534, 0.48691320419311523, 0.945521354675293]",D00,4729.823557748296,"(483.86409759521484, 165.53811371326447)",136.42826557159424,34.668941497802734,230400,229,F,Grieta Vertical
,,,291,785,,D00,346,0.313866525888443,"[0.42265915870666504, 0.5615404844284058, 0.4902791380882263, 0.9526710510253906]",D00,6093.674691560409,"(484.54769134521484, 164.32889342308044)",140.80700397491455,43.27678680419922,230400,229,F,Grieta Vertical
,,,292,786,,D00,347,0.2854403853416443,"[0.40255603194236755, 0.6055562496185303, 0.45674341917037964, 0.9425534009933472]",D00,4207.333279399882,"(495.3950881958008, 154.6739012002945)",121.31897449493408,34.679927825927734,230400,229,F,Grieta Vertical
,,,293,787,,D00,348,0.4343335032463074,"[0.36012616753578186, 0.6652441024780273, 0.4163438677787781, 0.941227376461029]",D00,3574.6894008246727,"(514.070873260498, 139.7646063566208)",99.35397863388062,35.97932815551758,230400,229,F,Grieta Vertical
,,,294,788,,D00,349,0.29827404022216797,"[0.3061564862728119, 0.7194974422454834, 0.3753230571746826, 0.9471865296363831]",D00,3628.4482728817693,"(533.3388710021973, 122.66631782054901)",81.96807146072388,44.266605377197266,230400,229,F,Grieta Vertical
,,,295,790,,D00,350,0.5570493936538696,"[0.16755226254463196, 0.6353236436843872, 0.30120283365249634, 0.8524852395057678]",D00,6687.076908492918,"(476.0988426208496, 84.3759173154831)",78.17817449569702,85.5363655090332,230400,230,F,Grieta Vertical
,,,296,791,,D00,351,0.3900846540927887,"[0.16916050016880035, 0.608719527721405, 0.23938384652137756, 0.7111591100692749]",D00,1657.4170225369699,"(422.3611640930176, 73.53798240423203)",36.878249645233154,44.942941665649414,230400,230,F,Grieta Vertical
,,,296,791,,D00,352,0.37773698568344116,"[0.12375156581401825, 0.7129267454147339, 0.2499314248561859, 0.8866958618164062]",D00,5051.787866137738,"(511.87923431396484, 67.26293832063675)",62.55688190460205,80.7551097869873,230400,230,F,Grieta Vertical
,,,296,791,,D00,353,0.2168399691581726,"[0.5932005047798157, 0.7290446162223816, 0.7274599075317383, 0.87883061170578]",D00,4633.385078984429,"(514.5200729370117, 237.7188742160797)",53.92295837402344,85.92601776123047,230400,230,F,Grieta Vertical
,,,297,792,,D00,354,0.42140594124794006,"[0.5248426198959351, 0.6429057121276855, 0.6332980394363403, 0.8197513222694397]",D00,4419.040859551387,"(468.0502510070801, 208.46531867980957)",63.664419651031494,69.41146850585938,230400,230,F,Grieta Vertical
,,,297,792,,D00,355,0.2745876610279083,"[0.09918241202831268, 0.7950939536094666, 0.22171005606651306, 0.9288247227668762]",D00,3775.268984895092,"(551.6539764404297, 57.760644257068634)",48.14307689666748,78.41769218444824,230400,230,F,Grieta Vertical
,,,297,792,,D00,356,0.2474091798067093,"[0.08965978771448135, 0.6788886785507202, 0.1745571792125702, 0.7963618636131287]",D00,2297.8176728303765,"(472.08017349243164, 47.55905404686928)",42.29034662246704,54.334330558776855,230400,230,F,Grieta Vertical
,,,298,793,,D00,357,0.6387545466423035,"[0.593032717704773, 0.726044237613678, 0.731922447681427, 0.8964182734489441]",D00,5452.002162937242,"(519.1880035400391, 238.491929769516)",61.3346529006958,88.8894271850586,230400,230,F,Grieta Vertical
,,,298,793,,D10,358,0.21117310225963593,"[0.25453048944473267, 0.7130573987960815, 0.5959593057632446, 0.780816376209259]",D10,5330.273461202069,"(478.039608001709, 153.0881631374359)",24.393231868743896,218.51444244384766,230400,352,F,Grieta e Intervalo Lineal Transversal
,,,299,796,,D00,359,0.3126469850540161,"[0.3896271288394928, 0.5849563479423523, 0.4400497078895569, 0.7480763792991638]",D00,1895.0244884899803,"(426.57047271728516, 149.34183061122894)",58.72321128845215,32.270450592041016,230400,231,F,Grieta Vertical
,,,300,797,,D00,360,0.5268943309783936,"[0.3625853657722473, 0.5953025221824646, 0.44382238388061523, 0.9160274863243103]",D00,6003.012031441176,"(483.62560272216797, 145.15339493751526)",115.46098709106445,51.99169158935547,230400,231,F,Grieta Vertical
,,,300,797,,D00,361,0.3341406285762787,"[0.5777335166931152, 0.6543635725975037, 0.7455296516418457, 0.8836190700531006]",D00,8863.070143978985,"(492.15444564819336, 238.18737030029297)",82.53197908401489,107.3895263671875,230400,231,F,Grieta Vertical
,,,301,798,,D00,362,0.6391697525978088,"[0.3322910666465759, 0.6155710220336914, 0.43431544303894043, 0.9036084413528442]",D00,6770.727494485072,"(486.1374282836914, 137.98917174339294)",103.69347095489502,65.29560089111328,230400,231,F,Grieta Vertical
,,,301,798,,D00,363,0.4014004170894623,"[0.5927461385726929, 0.6924028396606445, 0.7489627599716187, 0.8920838832855225]",D00,7186.981937469682,"(507.03575134277344, 241.50760173797607)",71.88517570495605,99.9786376953125,230400,231,F,Grieta Vertical
,,,302,799,,D00,364,0.33179593086242676,"[0.34333571791648865, 0.6804739832878113, 0.4161960482597351, 0.9411307573318481]",D00,4375.650507967521,"(518.913516998291, 136.71571791172028)",93.83643865585327,46.630611419677734,230400,231,F,Grieta Vertical
,,,303,800,,D00,365,0.4078955352306366,"[0.17719529569149017, 0.6173401474952698, 0.2753233313560486, 0.7149168848991394]",D00,2206.0831260667783,"(426.32225036621094, 81.45335286855698)",35.127625465393066,62.80194282531738,230400,231,F,Grieta Vertical
,,,303,800,,D00,366,0.3315175473690033,"[0.33948659896850586, 0.743346631526947, 0.3895138204097748, 0.9443881511688232]",D00,2317.2592025118774,"(540.0751304626465, 131.22007548809052)",72.37494707107544,32.01742172241211,230400,231,F,Grieta Vertical
,,,303,800,,D00,367,0.23010745644569397,"[0.5146538615226746, 0.6118764281272888, 0.7975586652755737, 0.9039250612258911]",D00,19036.099868097608,"(485.0564765930176, 236.1982548236847)",105.13750791549683,181.05907440185547,230400,231,F,Grieta Vertical
,,,303,800,,D00,368,0.2070462852716446,"[0.4239880442619324, 0.7044055461883545, 0.4486985206604004, 0.7782396078109741]",D00,420.3590024744699,"(474.44644927978516, 157.0835816860199)",26.580262184143066,15.814704895019531,230400,231,F,Grieta Vertical
,,,304,801,,D00,369,0.5044780373573303,"[0.5093750953674316, 0.6292624473571777, 0.6734999418258667, 0.8936004638671875]",D00,9995.774140300637,"(487.3161315917969, 212.9175066947937)",95.16168594360352,105.03990173339844,230400,231,F,Grieta Vertical
,,,304,801,,D00,370,0.3492574095726013,"[0.4124787449836731, 0.8122572302818298, 0.44598618149757385, 0.930926501750946]",D00,916.140229609482,"(557.8187942504883, 154.52368676662445)",42.720937728881836,21.444759368896484,230400,231,F,Grieta Vertical
,,,305,802,,D00,371,0.46684530377388,"[0.07272975146770477, 0.6560298800468445, 0.22766372561454773, 0.8049858808517456]",D00,5317.250728947533,"(467.5250434875488, 54.07082587480545)",53.624160289764404,99.15774345397949,230400,231,F,Grieta Vertical
,,,305,802,,D00,372,0.4108787775039673,"[0.1950492113828659, 0.7217170000076294, 0.26635587215423584, 0.8572371006011963]",D00,2226.467137703594,"(505.2653121948242, 83.05291503667831)",48.78723621368408,45.63626289367676,230400,231,F,Grieta Vertical
,,,305,802,,D00,373,0.21266373991966248,"[0.5133011937141418, 0.6527116894721985, 0.7016347050666809, 0.9232262372970581]",D00,11738.17835453956,"(504.3001365661621, 218.6884617805481)",97.38523721694946,120.533447265625,230400,231,F,Grieta Vertical
,,,306,803,,D00,374,0.546836793422699,"[0.5301627516746521, 0.6934395432472229, 0.668984055519104, 0.9172717332839966]",D00,7159.144657136039,"(515.4276084899902, 215.8464252948761)",80.57958841323853,88.84563446044922,230400,231,F,Grieta Vertical
,,,307,804,,D00,375,0.29812851548194885,"[0.5400546789169312, 0.720736026763916, 0.6578901410102844, 0.9253346920013428]",D00,5554.708591549934,"(526.7426300048828, 215.6300675868988)",73.65551948547363,75.4146957397461,230400,231,F,Grieta Vertical
,,,308,805,,D00,376,0.3607804775238037,"[0.28267738223075867, 0.7996439337730408, 0.32369235157966614, 0.9475005865097046]",D00,1397.2230328380647,"(559.0862464904785, 109.14655208587646)",53.228394985198975,26.24958038330078,230400,231,F,Grieta Vertical
,,,308,805,,D00,377,0.22814862430095673,"[0.5740622282028198, 0.7943081259727478, 0.6536734700202942, 0.9214616417884827]",D00,2332.304477694379,"(549.0463256835938, 220.99242568016052)",45.77526569366455,50.951194763183594,230400,231,F,Grieta Vertical
,,,309,806,,D43,378,0.5786657929420471,"[0.0010142326354980469, 0.7326589226722717, 0.9891321063041687, 0.9700449705123901]",D43,54043.8674297212,"(544.8652458190918, 178.22634100914001)",85.45897722244263,632.3954391479492,230400,384,F,Desenfoque de paso peatonal
,,,310,812,,D00,379,0.30745771527290344,"[0.4883200526237488, 0.841438353061676, 0.5395852327346802, 0.9391230940818787]",D00,1153.8030741097828,"(569.7796630859375, 185.0229513645172)",35.16650676727295,32.809715270996094,230400,232,F,Grieta Vertical
,,,311,822,,D44,380,0.2822774648666382,"[0.21332669258117676, 0.588805615901947, 0.4086155295372009, 0.95011967420578]",D44,16257.162751952637,"(492.45609283447266, 111.94959998130798)",130.07306098937988,124.98485565185547,230400,96,F,Desenfoque de linea blanca
,,,312,823,,D44,381,0.5846972465515137,"[0.24235478043556213, 0.58518385887146, 0.42638158798217773, 0.9487550258636475]",D44,15415.336207312066,"(490.8604431152344, 120.37254631519318)",130.8856201171875,117.77715682983398,230400,96,F,Desenfoque de linea blanca
,,,313,824,,D44,382,0.6057326793670654,"[0.2671028673648834, 0.584386944770813, 0.4339996874332428, 0.9446640610694885]",D44,13853.74580436037,"(489.2963218688965, 126.19845986366272)",129.6997618675232,106.81396484375,230400,96,F,Desenfoque de linea blanca
,,,314,825,,D44,383,0.5534273982048035,"[0.281419038772583, 0.5939046144485474, 0.42968297004699707, 0.9501543045043945]",D44,12169.492891308619,"(494.0988540649414, 127.99836158752441)",128.24988842010498,94.888916015625,230400,96,F,Desenfoque de linea blanca
,,,315,826,,D44,384,0.6512331962585449,"[0.2953769564628601, 0.6169308423995972, 0.42933663725852966, 0.9479984045028687]",D44,10218.172018442056,"(500.77735900878906, 130.44844686985016)",119.18432235717773,85.73419570922852,230400,96,F,Desenfoque de linea blanca
,,,316,827,,D44,385,0.2079678475856781,"[0.3054657578468323, 0.6638705730438232, 0.4228004813194275, 0.9502633213996887]",D44,7742.318730138322,"(516.5228462219238, 131.08792304992676)",103.10138940811157,75.09422302246094,230400,96,F,Desenfoque de linea blanca
,,,317,828,,D44,386,0.3550912141799927,"[0.31749796867370605, 0.754375696182251, 0.41755443811416626, 0.9585583209991455]",D44,4707.024205884954,"(548.1388854980469, 132.30943322181702)",73.50574493408203,64.03614044189453,230400,96,F,Desenfoque de linea blanca
,,,318,836,,D00,387,0.28293219208717346,"[0.6003066897392273, 0.7867680191993713, 0.7056559324264526, 0.8970383405685425]",D00,2676.53257277625,"(538.8180351257324, 235.0732719898224)",39.69731569290161,67.42351531982422,230400,233,F,Grieta Vertical
,,,319,838,,D00,388,0.3677622675895691,"[0.27113351225852966, 0.5752634406089783, 0.5806824564933777, 0.9322523474693298]",D00,25460.476236788963,"(482.4050521850586, 153.32687437534332)",128.51600646972656,198.11132431030273,230400,234,F,Grieta Vertical
,,,320,839,,D00,389,0.5070967078208923,"[0.30243510007858276, 0.5976576209068298, 0.5032770037651062, 0.9376637935638428]",D00,15733.43700056139,"(491.30285263061523, 145.028178691864)",122.40222215652466,128.538818359375,230400,234,F,Grieta Vertical
,,,321,840,,D00,390,0.2795769274234772,"[0.3545306324958801, 0.6293860673904419, 0.4948916435241699, 0.9357086420059204]",D00,9906.219941487507,"(500.83030700683594, 152.896009683609)",110.27612686157227,89.83104705810547,230400,234,F,Grieta Vertical
,,,322,841,,D00,391,0.21300961077213287,"[0.3525680899620056, 0.6241042017936707, 0.4998033940792084, 0.9382896423339844]",D00,10658.117119599456,"(499.9660301208496, 153.42686712741852)",113.10675859451294,94.23059463500977,230400,234,F,Grieta Vertical
,,,323,842,,D00,392,0.32198408246040344,"[0.3765774369239807, 0.5834530591964722, 0.47818607091903687, 0.9254691004753113]",D00,8006.810747613599,"(482.8550910949707, 153.85743141174316)",123.12577486038208,65.02952575683594,230400,234,F,Grieta Vertical
,,,324,844,,D00,393,0.25091058015823364,"[0.3801289200782776, 0.5769110918045044, 0.4273865222930908, 0.8506181240081787]",D00,2980.163647014524,"(456.8093490600586, 145.3527796268463)",98.53453159332275,30.24486541748047,230400,235,F,Grieta Vertical
,,,325,848,,D00,394,0.3061615228652954,"[0.1250222623348236, 0.604215681552887, 0.22510552406311035, 0.7709051966667175]",D00,3843.7241169021036,"(440.03868103027344, 63.02300155162811)",60.008225440979004,64.05328750610352,230400,236,F,Grieta Vertical
,,,326,849,,D00,395,0.26695069670677185,"[0.0616602897644043, 0.6146231889724731, 0.20752087235450745, 0.7969694137573242]",D00,6127.977964083675,"(451.70963287353516, 48.452609181404114)",65.64464092254639,93.35077285766602,230400,236,F,Grieta Vertical
,,,327,850,,D00,396,0.39745765924453735,"[0.05911815166473389, 0.6246115565299988, 0.17302756011486053, 0.762157678604126]",D00,3609.8605209767584,"(443.7661552429199, 41.786228120326996)",49.51660394668579,72.90202140808105,230400,236,F,Grieta Vertical
,,,327,850,,D00,397,0.28884872794151306,"[0.3276788592338562, 0.5931245684623718, 0.40295976400375366, 0.9315926432609558]",D00,5870.634141672053,"(487.90950775146484, 131.51495218276978)",121.84850692749023,48.179779052734375,230400,236,F,Grieta Vertical
,,,328,851,,D00,398,0.21153216063976288,"[0.3192927837371826, 0.6078193783760071, 0.39778655767440796, 0.9282266497612]",D00,5794.554453800265,"(491.53472900390625, 129.0742814540863)",115.34661769866943,50.23601531982422,230400,236,F,Grieta Vertical
,,,329,857,,D20,399,0.32702919840812683,"[0.4182300567626953, 0.6845508217811584, 0.6024131774902344, 0.8715976476669312]",D20,7937.480013424647,"(497.9675102233887, 183.71578216552734)",67.33685731887817,117.877197265625,230400,19,F,Piel de cocodrilo
,,,330,858,,D20,400,0.32299932837486267,"[0.40775126218795776, 0.7257605791091919, 0.6916195154190063, 0.9353846311569214]",D20,13710.09334809678,"(531.5664672851562, 197.88673996925354)",75.46465873718262,181.6756820678711,230400,19,F,Piel de cocodrilo
,,,331,859,,D10,401,0.29113057255744934,"[0.2919616103172302, 0.799914538860321, 0.4382469058036804, 0.8532301187515259]",D10,1796.955346579125,"(529.006290435791, 131.43753290176392)",19.19360876083374,93.62258911132812,230400,353,F,Grieta e Intervalo Lineal Transversal
,,,332,861,,D10,402,0.34915778040885925,"[0.26692694425582886, 0.8373665809631348, 0.6657902598381042, 0.9109179973602295]",D10,6759.236001005047,"(559.4510650634766, 167.88909673690796)",26.4785099029541,255.27252197265625,230400,354,F,Grieta e Intervalo Lineal Transversal
,,,333,863,,D20,403,0.30115628242492676,"[0.22953157126903534, 0.6171793341636658, 0.6113308668136597, 0.8437955975532532]",D20,19934.65260774133,"(467.51197814941406, 151.3552388548851)",81.58185482025146,244.35154914855957,230400,20,F,Piel de cocodrilo
,,,334,864,,D20,404,0.4055541753768921,"[0.1423044204711914, 0.6310211420059204, 0.6221879720687866, 0.9280287027359009]",D20,32838.691528959316,"(498.8959503173828, 137.60863065719604)",106.92272186279297,307.12547302246094,230400,20,F,Piel de cocodrilo
,,,335,866,,D00,405,0.313113272190094,"[0.5048883557319641, 0.76075679063797, 0.5637997388839722, 0.9397104978561401]",D00,2428.971359017396,"(544.1495323181152, 192.36385703086853)",64.42333459854126,37.703285217285156,230400,237,F,Grieta Vertical
,,,336,873,,D20,406,0.2499292641878128,"[0.4316135346889496, 0.5751758813858032, 0.7234390377998352, 0.93207848072052]",D20,23996.915853105384,"(482.32139587402344, 207.90946304798126)",128.48493576049805,186.7683219909668,230400,21,F,Piel de cocodrilo
,,,337,874,,D20,407,0.34138429164886475,"[0.20477712154388428, 0.5777751207351685, 0.764124870300293, 0.9358891248703003]",D20,46151.48436736417,"(484.37255859375, 174.4023585319519)",128.92104148864746,357.98255920410156,230400,21,F,Piel de cocodrilo
,,,338,875,,D20,408,0.4073142409324646,"[0.3825981914997101, 0.5817077159881592, 0.7379487156867981, 0.9207834601402283]",D20,27761.067284789307,"(480.797176361084, 201.69844329357147)",122.06726789474487,227.42433547973633,230400,21,F,Piel de cocodrilo
,,,339,876,,D20,409,0.3072405159473419,"[0.1535523384809494, 0.572516918182373, 0.7458270192146301, 0.9377244710922241]",D20,49836.25423899898,"(483.2772445678711, 161.88828438520432)",131.4747190475464,379.05579566955566,230400,21,F,Piel de cocodrilo
,,,340,877,,D20,410,0.3371979296207428,"[0.1876717507839203, 0.5811330080032349, 0.6849919557571411, 0.9355739951133728]",D20,40612.76106866485,"(485.34624099731445, 157.07946717739105)",127.59875535964966,318.2849311828613,230400,21,F,Piel de cocodrilo
,,,341,878,,D20,411,0.4795462191104889,"[0.131984144449234, 0.5961683988571167, 0.7292653322219849, 0.9439324140548706]",D20,47857.053095869924,"(492.83226013183594, 155.0249058008194)",125.1950454711914,382.25996017456055,230400,21,F,Piel de cocodrilo
,,,342,879,,D20,412,0.4084937870502472,"[0.2384510040283203, 0.6049150824546814, 0.6979752779006958, 0.936863124370575]",D20,35144.79734586421,"(493.36902618408203, 168.5567307472229)",119.50129508972168,294.0955352783203,230400,21,F,Piel de cocodrilo
,,,343,880,,D00,414,0.22014880180358887,"[0.22881117463111877, 0.547363817691803, 0.41277289390563965, 0.9255288243293762]",D00,16028.440655733175,"(471.32564544677734, 115.48513233661652)",136.13940238952637,117.73550033569336,230400,238,F,Grieta Vertical
,,,343,880,,D10,413,0.3691450357437134,"[0.10045485198497772, 0.676636815071106, 0.31862249970436096, 0.7379066348075867]",D10,3079.7781000419263,"(452.65390396118164, 75.43392330408096)",22.057135105133057,139.62729454040527,230400,355,F,Grieta e Intervalo Lineal Transversal
,,,344,881,,D00,415,0.2175845354795456,"[0.5602908134460449, 0.5954791307449341, 0.8188341856002808, 0.8639663457870483]",D00,15993.351926159085,"(467.0225524902344, 248.24249982833862)",96.65539741516113,165.46775817871094,230400,238,F,Grieta Vertical
,,,345,882,,D20,416,0.2225700169801712,"[0.2903931140899658, 0.6015345454216003, 0.7774040699005127, 0.9319649338722229]",D20,37076.70972860651,"(490.71983337402344, 192.20349311828613)",118.95493984222412,311.68701171875,230400,22,F,Piel de cocodrilo
,,,346,883,,D00,418,0.21446798741817474,"[0.2527937889099121, 0.5508931279182434, 0.41941970586776733, 0.9328440427780151]",D00,14663.329095490826,"(474.79589462280273, 120.9984290599823)",137.50232934951782,106.64058685302734,230400,239,F,Grieta Vertical
,,,346,883,,D20,417,0.31333258748054504,"[0.31629905104637146, 0.5763578414916992, 0.8244714736938477, 0.9103176593780518]",D20,39100.99270399896,"(475.7361602783203, 205.33869445323944)",120.22553443908691,325.23035049438477,230400,22,F,Piel de cocodrilo
,,,347,884,,D00,420,0.2670195996761322,"[0.27704325318336487, 0.5529211163520813, 0.4253186285495758, 0.925624668598175]",D00,12732.539698854089,"(473.13465118408203, 126.42513871192932)",134.17327880859375,94.896240234375,230400,239,F,Grieta Vertical
,,,347,884,,D20,419,0.3842250406742096,"[0.344722181558609, 0.6001847386360168, 0.8085624575614929, 0.9410356283187866]",D20,36426.32541994394,"(493.1905174255371, 207.59123504161835)",122.70632028579712,296.8577766418457,230400,22,F,Piel de cocodrilo
,,,348,885,,D20,421,0.591510534286499,"[0.32518303394317627, 0.5923873782157898, 0.7764918208122253, 0.9341488480567932]",D20,35536.88548282207,"(488.49159240722656, 198.3014738559723)",123.03412914276123,288.8376235961914,230400,22,F,Piel de cocodrilo
,,,349,886,,D00,423,0.2998025417327881,"[0.5472826957702637, 0.5808122158050537, 0.791120707988739, 0.8276782631874084]",D00,13869.003174438603,"(450.7169532775879, 240.91261267662048)",88.8717770576477,156.05632781982422,230400,240,F,Grieta Vertical
,,,349,886,,D00,424,0.253612220287323,"[0.2845921516418457, 0.5648003220558167, 0.42312097549438477, 0.9247171878814697]",D00,11487.48136877257,"(476.64560317993164, 127.38836288452148)",129.5700716972351,88.658447265625,230400,240,F,Grieta Vertical
,,,349,886,,D20,422,0.46720975637435913,"[0.30153268575668335, 0.589110791683197, 0.7867089509963989, 0.924439013004303]",D20,37484.53494913174,"(484.3359375, 195.8834946155548)",120.71815967559814,310.51280975341797,230400,22,F,Piel de cocodrilo
,,,350,887,,D00,425,0.2751523554325104,"[0.2553351819515228, 0.5772825479507446, 0.40985220670700073, 0.9339175820350647]",D00,12696.464883519957,"(483.584041595459, 119.73372995853424)",128.38861227035522,98.89089584350586,230400,240,F,Grieta Vertical
,,,351,888,,D00,426,0.2537943422794342,"[0.5602065324783325, 0.6092172861099243, 0.8417140245437622, 0.8714616298675537]",D00,17008.991428505396,"(473.81725311279297, 252.34570026397705)",94.40796375274658,180.164794921875,230400,240,F,Grieta Vertical
,,,352,889,,D20,427,0.20071955025196075,"[0.20753984153270721, 0.5747489929199219, 0.8173816800117493, 0.9243607521057129]",D20,49123.09508561393,"(479.7151184082031, 184.48587387800217)",125.86023330688477,390.2987766265869,230400,23,F,Piel de cocodrilo
,,,353,890,,D20,428,0.37913960218429565,"[0.18952426314353943, 0.5983411073684692, 0.7494028210639954, 0.9266576766967773]",D20,42351.53065964341,"(487.9996109008789, 169.00687515735626)",118.19396495819092,358.3222770690918,230400,23,F,Piel de cocodrilo
,,,354,891,,D20,429,0.30528947710990906,"[0.10935099422931671, 0.6354126334190369, 0.7699092626571655, 0.9306474328041077]",D20,44932.55912327709,"(501.13922119140625, 158.2668462395668)",106.28452777862549,422.75729179382324,230400,23,F,Piel de cocodrilo
,,,355,893,,D20,430,0.5921909213066101,"[0.25101009011268616, 0.603939414024353, 0.4255464971065521, 0.9324964880943298]",D20,13212.327444616221,"(491.6594886779785, 121.78018569946289)",118.28054666519165,111.70330047607422,230400,24,F,Piel de cocodrilo
,,,356,894,,D20,431,0.5868685841560364,"[0.22290873527526855, 0.6220976114273071, 0.4264504909515381, 0.9398950934410095]",D20,14903.437233845762,"(499.8376655578613, 116.8846607208252)",114.40709352493286,130.2667236328125,230400,24,F,Piel de cocodrilo
,,,357,895,,D00,433,0.2552248239517212,"[0.6055771708488464, 0.6402515172958374, 0.6799196004867554, 0.8338758945465088]",D00,3316.4943303034306,"(471.7207717895508, 231.38941884040833)",69.7047758102417,47.57915496826172,230400,241,F,Grieta Vertical
,,,357,895,,D00,434,0.20443014800548553,"[0.2009926289319992, 0.6267869472503662, 0.36612948775291443, 0.9380460977554321]",D00,11842.642573902276,"(500.74657440185547, 102.08198100328445)",112.05329418182373,105.68758964538574,230400,241,F,Grieta Vertical
,,,357,895,,D20,432,0.28622305393218994,"[0.2035360336303711, 0.6223807334899902, 0.4294206202030182, 0.9412018060684204]",D20,16592.66292557413,"(500.3464126586914, 113.93219769001007)",114.77558612823486,144.56613540649414,230400,24,F,Piel de cocodrilo
,,,358,896,,D00,435,0.2898687422275543,"[0.240385964512825, 0.6587597131729126, 0.3603101372718811, 0.9308493733406067]",D00,7517.981355702545,"(508.6749076843262, 108.1252983212471)",97.95227766036987,76.7514705657959,230400,241,F,Grieta Vertical
,,,358,896,,D20,436,0.22064976394176483,"[0.2289588898420334, 0.6239974498748779, 0.812386155128479, 0.9443289637565613]",D20,43059.48805533487,"(501.86445236206055, 187.44210809469223)",115.319344997406,373.3934497833252,230400,24,F,Piel de cocodrilo
,,,359,897,,D00,437,0.2755100727081299,"[0.7155244946479797, 0.7395309209823608, 0.7816781997680664, 0.8635085821151733]",D00,1889.6444089477882,"(512.9726409912109, 269.4964849948883)",44.6319580078125,42.33837127685547,230400,241,F,Grieta Vertical
,,,359,897,,D00,438,0.25597843527793884,"[0.2920915484428406, 0.6859675049781799, 0.3873855769634247, 0.9425657391548157]",D00,5633.8051843491485,"(521.1306381225586, 122.30588257312775)",92.37536430358887,60.98817825317383,230400,241,F,Grieta Vertical
,,,360,898,,D10,440,0.27989068627357483,"[0.49681252241134644, 0.704477846622467, 0.8503813743591309, 0.8200430274009705]",D10,9414.20120670573,"(487.8466796875, 242.4949014186859)",41.60346508026123,226.28406524658203,230400,356,F,Grieta e Intervalo Lineal Transversal
,,,360,898,,D20,439,0.3364807665348053,"[0.2891354560852051, 0.6746112108230591, 0.8562496900558472, 0.9169169068336487]",D20,31660.41811501873,"(509.2889976501465, 206.1693263053894)",87.23005056381226,362.95310974121094,230400,25,F,Piel de cocodrilo
,,,361,900,,D00,441,0.21672266721725464,"[0.6085441708564758, 0.6514424681663513, 0.6488438844680786, 0.8039817214012146]",D00,1416.3352058632881,"(465.7357406616211, 226.3298499584198)",54.91413116455078,25.79181671142578,230400,242,F,Grieta Vertical
,,,361,900,,D00,442,0.202900692820549,"[0.3732016086578369, 0.5942836999893188, 0.41665688157081604, 0.719273567199707]",D00,1251.4104094428149,"(420.3383255004883, 142.17452824115753)",44.996352195739746,27.81137466430664,230400,242,F,Grieta Vertical
,,,362,901,,D00,443,0.3075430691242218,"[0.45803460478782654, 0.5963318347930908, 0.5272404551506042, 0.7869940996170044]",D00,3040.1151365910664,"(442.66429901123047, 177.34951078891754)",68.63841533660889,44.291744232177734,230400,242,F,Grieta Vertical
,,,363,902,,D00,444,0.20039533078670502,"[0.1889694631099701, 0.7360605597496033, 0.26156139373779297, 0.9199433922767639]",D00,3075.4736230946037,"(529.9212646484375, 81.09555423259735)",66.19781970977783,46.45883560180664,230400,242,F,Grieta Vertical
,,,364,904,,D00,445,0.4176972806453705,"[0.2194925844669342, 0.7665072083473206, 0.3161180019378662, 0.8976015448570251]",D00,2918.4871664620914,"(532.5148010253906, 96.40990555286407)",47.19396114349365,61.840267181396484,230400,243,F,Grieta Vertical
,,,365,906,,D00,446,0.2781347930431366,"[0.18000389635562897, 0.713329553604126, 0.22365346550941467, 0.9258051514625549]",D00,2136.8374968299804,"(524.5231056213379, 72.65832513570786)",76.49121522903442,27.93572425842285,230400,244,F,Grieta Vertical
,,,366,916,,D00,447,0.4114912450313568,"[0.29394036531448364, 0.6723743677139282, 0.4229849874973297, 0.8732836246490479]",D00,5973.410109134329,"(494.61055755615234, 129.0465635061264)",72.32733249664307,82.58855819702148,230400,245,F,Grieta Vertical
,,,367,917,,D00,448,0.22167913615703583,"[0.3155389726161957, 0.7609979510307312, 0.4250667095184326, 0.9417371153831482]",D00,4560.987258114437,"(544.8752212524414, 133.3090227842331)",65.06609916687012,70.09775161743164,230400,245,F,Grieta Vertical
,,,368,918,,D00,450,0.2148599773645401,"[0.24498715996742249, 0.6999050378799438, 0.3229479193687439, 0.8166680335998535]",D00,2097.315490474921,"(485.30338287353516, 102.22831428050995)",42.03467845916748,49.8948860168457,230400,245,F,Grieta Vertical
,,,368,918,,D10,449,0.22054974734783173,"[0.08428511768579483, 0.77885502576828, 0.24734541773796082, 0.8339158892631531]",D10,2068.586708568273,"(516.0866928100586, 59.693496376276016)",19.821910858154297,104.35859203338623,230400,357,F,Grieta e Intervalo Lineal Transversal
,,,368,918,,D10,451,0.207547128200531,"[0.14346008002758026, 0.8007329106330872, 0.7302805781364441, 0.9332219362258911]",D10,17912.97238863219,"(554.865550994873, 157.27331846952438)",47.696049213409424,375.56511878967285,230400,357,F,Grieta e Intervalo Lineal Transversal
,,,369,919,,D00,452,0.4914059340953827,"[0.18871437013149261, 0.7893335819244385, 0.2935720980167389, 0.9394689202308655]",D00,3627.152743701822,"(553.2168006896973, 86.81156426668167)",54.04872179031372,67.10894584655762,230400,245,F,Grieta Vertical
,,,369,919,,D00,453,0.26701754331588745,"[0.4530557692050934, 0.6197195053100586, 0.5213009119033813, 0.7383460402488708]",D00,1865.2457790034987,"(434.5809745788574, 175.38420259952545)",42.70555257797241,43.6768913269043,230400,245,F,Grieta Vertical
,,,369,919,,D00,454,0.23915676772594452,"[0.3566005825996399, 0.791593611240387, 0.4034479558467865, 0.8923802971839905]",D00,1087.854680388773,"(538.8716506958008, 136.80873692035675)",36.283206939697266,29.982318878173828,230400,245,F,Grieta Vertical
,,,370,920,,D00,455,0.5336852669715881,"[0.47549954056739807, 0.6293513178825378, 0.5493513345718384, 0.7851014733314514]",D00,2650.159502524275,"(452.62489318847656, 184.47315752506256)",56.07005596160889,47.2651481628418,230400,245,F,Grieta Vertical
,,,371,921,,D00,456,0.5611684322357178,"[0.5105706453323364, 0.6391753554344177, 0.5846244096755981, 0.8517093062400818]",D00,3626.251570461318,"(477.08309173583984, 197.13510990142822)",76.51222229003906,47.3944091796875,230400,245,F,Grieta Vertical
,,,371,921,,D00,457,0.2757083475589752,"[0.6714478731155396, 0.6929303407669067, 0.806706428527832, 0.8187590837478638]",D00,3921.272986740223,"(483.74061584472656, 266.0677742958069)",45.29834747314453,86.56547546386719,230400,245,F,Grieta Vertical
,,,372,922,,D00,458,0.5410481691360474,"[0.5444291830062866, 0.6491543054580688, 0.6182848215103149, 0.935030460357666]",D00,4864.565595614113,"(506.93912506103516, 209.28852081298828)",102.91541576385498,47.267608642578125,230400,245,F,Grieta Vertical
,,,373,923,,D00,459,0.55458664894104,"[0.5839167833328247, 0.6501547694206238, 0.6475083231925964, 0.9233152866363525]",D00,4002.2088004546276,"(503.5104179382324, 221.6565191745758)",98.33778619766235,40.698585510253906,230400,245,F,Grieta Vertical
,,,373,923,,D20,460,0.28650766611099243,"[0.0710221529006958, 0.701610803604126, 0.30329540371894836, 0.9359654784202576]",D20,12541.66782658499,"(524.0244102478027, 67.37716019153595)",84.36768293380737,148.65488052368164,230400,26,F,Piel de cocodrilo
,,,374,924,,D00,461,0.5994361639022827,"[0.6017745733261108, 0.6616579294204712, 0.6657468676567078, 0.9243453741073608]",D00,3871.8071489576687,"(507.52105712890625, 228.15385937690735)",94.56748008728027,40.94226837158203,230400,245,F,Grieta Vertical
,,,375,925,,D00,462,0.4914659261703491,"[0.6350044012069702, 0.6708285808563232, 0.6904106140136719, 0.9140024781227112]",D00,3104.258619104985,"(507.145938873291, 238.57470273971558)",87.54260301589966,35.45997619628906,230400,245,F,Grieta Vertical
,,,375,925,,D00,463,0.2684502899646759,"[0.14525333046913147, 0.7388966679573059, 0.2696038782596588, 0.9317725300788879]",D00,5525.964083033614,"(534.614143371582, 74.67429757118225)",69.43531036376953,79.5843505859375,230400,245,F,Grieta Vertical
,,,376,926,,D00,464,0.48996612429618835,"[0.6732438206672668, 0.6838375329971313, 0.7345434427261353, 0.9019541144371033]",D00,3080.5549072226313,"(507.4533271789551, 253.40170741081238)",78.52196931838989,39.23175811767578,230400,245,F,Grieta Vertical
,,,376,926,,D00,465,0.32573744654655457,"[0.15431754291057587, 0.7684551477432251, 0.2753753066062927, 0.9365744590759277]",D00,4689.134867865823,"(545.6094741821289, 77.34471291303635)",60.52295207977295,77.47696876525879,230400,245,F,Grieta Vertical
,,,377,927,,D00,466,0.4037075936794281,"[0.7402850389480591, 0.7143771052360535, 0.8101769685745239, 0.8894601464271545]",D00,2819.379823192139,"(513.2279205322266, 279.08316135406494)",63.02989482879639,44.7308349609375,230400,245,F,Grieta Vertical
,,,378,928,,D20,467,0.21521957218647003,"[0.06908120959997177, 0.6343220472335815, 0.7772944569587708, 0.8443477153778076]",D20,34270.37809116452,"(473.17432403564453, 152.34761998057365)",75.60924053192139,453.25647830963135,230400,27,F,Piel de cocodrilo
,,,379,929,,D00,468,0.20296664535999298,"[0.5844225883483887, 0.6475599408149719, 0.634001612663269, 0.7890841960906982]",D00,1616.6325872933157,"(459.72612380981445, 219.3163561820984)",50.948731899261475,31.730575561523438,230400,246,F,Grieta Vertical
,,,380,935,,D00,469,0.349999338388443,"[0.3544018864631653, 0.6265751123428345, 0.5506755113601685, 0.927528977394104]",D00,13609.568107094674,"(497.3133087158203, 162.91393160820007)",108.34339141845703,125.61511993408203,230400,247,F,Grieta Vertical
,,,381,936,,D00,470,0.49411335587501526,"[0.4281405508518219, 0.662537157535553, 0.5885897874832153, 0.9447131752967834]",D00,10431.343099117657,"(514.3201065063477, 183.0114609003067)",101.58336639404297,102.6875114440918,230400,247,F,Grieta Vertical
,,,382,937,,D00,471,0.3676903247833252,"[0.46032267808914185, 0.65625, 0.5861532092094421, 0.9299398064613342]",D00,7934.638166609329,"(507.58073806762695, 188.36565971374512)",98.52833032608032,80.53153991699219,230400,247,F,Grieta Vertical
,,,383,938,,D00,472,0.24224615097045898,"[0.5248461961746216, 0.6284123063087463, 0.6123637557029724, 0.7511207461357117]",D00,2474.2985903279987,"(441.45057678222656, 204.69779133796692)",44.17503833770752,56.01123809814453,230400,247,F,Grieta Vertical
,,,384,939,,D00,473,0.2522675096988678,"[0.5878656506538391, 0.7018982768058777, 0.7198130488395691, 0.8951895236968994]",D00,5876.185448297292,"(511.0680961608887, 235.38216590881348)",69.58484888076782,84.44633483886719,230400,247,F,Grieta Vertical
,,,385,940,,D00,474,0.2996031641960144,"[0.4564586579799652, 0.5932263135910034, 0.5852624773979187, 0.9146726727485657]",D00,9539.370730941528,"(482.5276756286621, 187.5098043680191)",115.72068929672241,82.43444442749023,230400,247,F,Grieta Vertical
,,,385,940,,D00,475,0.21044835448265076,"[0.3842250406742096, 0.676668643951416, 0.43126368522644043, 0.8856172561645508]",D00,2264.52314870221,"(499.9314880371094, 146.787970662117)",75.22150039672852,30.104732513427734,230400,247,F,Grieta Vertical
,,,386,941,,D00,476,0.2494015097618103,"[0.4578935503959656, 0.590345025062561, 0.5750707387924194, 0.9126023054122925]",D00,8700.180952704613,"(480.9431457519531, 185.9335720539093)",116.01262092590332,74.99340057373047,230400,247,F,Grieta Vertical
,,,386,941,,D00,477,0.2110680192708969,"[0.11686906963586807, 0.72660893201828, 0.261086642742157, 0.9031680822372437]",D00,5866.65956834787,"(521.5286445617676, 68.03202822804451)",63.561294078826904,92.2992467880249,230400,247,F,Grieta Vertical
,,,387,942,,D00,478,0.34670290350914,"[0.46364670991897583, 0.6054752469062805, 0.5498626828193665, 0.8470404744148254]",D00,4798.4903674107045,"(464.8050308227539, 182.4316906929016)",86.96348190307617,55.17822265625,230400,247,F,Grieta Vertical
,,,388,943,,D00,479,0.23078319430351257,"[0.224823996424675, 0.7091174721717834, 0.3190476894378662, 0.9378975629806519]",D00,4966.618762115672,"(527.0448112487793, 97.89690345525742)",82.36083269119263,60.30316352844238,230400,247,F,Grieta Vertical
,,,389,945,,D00,480,0.23544606566429138,"[0.49657320976257324, 0.7951023578643799, 0.5512837171554565, 0.9417991638183594]",D00,1849.1573806059023,"(555.8084869384766, 188.61424684524536)",52.81085014343262,35.01472473144531,230400,248,F,Grieta Vertical
,,,390,948,,D00,481,0.2821803092956543,"[0.2974977493286133, 0.6034760475158691, 0.38721197843551636, 0.8043837547302246]",D00,4152.794129135145,"(450.51513671875, 123.24775099754333)",72.32677459716797,57.41710662841797,230400,249,F,Grieta Vertical
,,,391,949,,D00,482,0.33001548051834106,"[0.23403635621070862, 0.5693359971046448, 0.3997812271118164, 0.9447879195213318]",D00,14337.614686585312,"(484.5196533203125, 114.0871649980545)",135.16269207000732,106.07671737670898,230400,249,F,Grieta Vertical
,,,392,950,,D00,483,0.26725929975509644,"[0.174148291349411, 0.7391839027404785, 0.32191038131713867, 0.932252824306488]",D00,6572.9127993774,"(534.8597526550293, 89.29056107997894)",69.50481176376343,94.5677375793457,230400,249,F,Grieta Vertical
,,,392,950,,D00,484,0.2557081878185272,"[0.2765098512172699, 0.6058976054191589, 0.38564005494117737, 0.7353874444961548]",D00,3255.8405802966263,"(429.2112159729004, 119.18698310852051)",46.616342067718506,69.84333038330078,230400,249,F,Grieta Vertical
,,,393,951,,D00,485,0.34099122881889343,"[0.17823690176010132, 0.6754710078239441, 0.35587209463119507, 0.915604293346405]",D00,9827.970621362329,"(509.1440963745117, 96.13961935043335)",86.44798278808594,113.6865234375,230400,249,F,Grieta Vertical
,,,393,951,,D00,486,0.20602022111415863,"[0.525482177734375, 0.604155957698822, 0.6607872247695923, 0.7723281979560852]",D00,5242.648983097388,"(440.4749298095703, 213.5284924507141)",60.542006492614746,86.59523010253906,230400,249,F,Grieta Vertical
,,,394,952,,D00,487,0.2835990786552429,"[0.5297133326530457, 0.6143187880516052, 0.745490550994873, 0.88642418384552]",D00,13527.739100209055,"(480.2377510070801, 229.53669905662537)",97.95794248580933,138.09741973876953,230400,249,F,Grieta Vertical
,,,394,952,,D00,488,0.20914123952388763,"[0.2967294156551361, 0.5699021816253662, 0.40402501821517944, 0.828953742980957]",D00,6403.989512394583,"(447.63389587402344, 126.1357980966568)",93.2585620880127,68.66918563842773,230400,249,F,Grieta Vertical
,,,395,953,,D00,489,0.5081562995910645,"[0.19793161749839783, 0.6092522740364075, 0.3579740524291992, 0.9105961918830872]",D00,11111.688429412607,"(486.3515090942383, 100.06302058696747)",108.48381042480469,102.42715835571289,230400,249,F,Grieta Vertical
,,,395,953,,D00,490,0.37470921874046326,"[0.5568293333053589, 0.6392372846603394, 0.750420093536377, 0.8884696364402771]",D00,11116.588136887913,"(488.86621475219727, 235.30489683151245)",89.72364664077759,123.89808654785156,230400,249,F,Grieta Vertical
,,,396,954,,D00,491,0.5868062376976013,"[0.5955678820610046, 0.6893268823623657, 0.7497663497924805, 0.8998186588287354]",D00,7478.210166034296,"(508.52657318115234, 242.16016173362732)",75.77703952789307,98.68701934814453,230400,249,F,Grieta Vertical
,,,396,954,,D00,492,0.30298417806625366,"[0.24297884106636047, 0.6473168134689331, 0.32946544885635376, 0.8527063727378845]",D00,4092.698017532939,"(480.00741958618164, 103.03997218608856)",73.94024133682251,55.3514289855957,230400,249,F,Grieta Vertical
,,,397,955,,D00,493,0.5529829859733582,"[0.18707162141799927, 0.6408161520957947, 0.29041367769241333, 0.9322106838226318]",D00,6938.106646065717,"(503.3685874938965, 85.94735383987427)",104.90203142166138,66.138916015625,230400,249,F,Grieta Vertical
,,,397,955,,D00,494,0.3414267897605896,"[0.6724737882614136, 0.6388684511184692, 0.7890555262565613, 0.7889905571937561]",D00,4032.3446870973385,"(456.9148826599121, 263.0752766132355)",54.04395818710327,74.61231231689453,230400,249,F,Grieta Vertical
,,,398,956,,D00,495,0.3419109582901001,"[0.5897890329360962, 0.6226228475570679, 0.7339583039283752, 0.7560972571372986]",D00,4433.56607815067,"(441.19043350219727, 238.27452063560486)",48.05078744888306,92.2683334350586,230400,249,F,Grieta Vertical
,,,399,957,,D00,496,0.2829381823539734,"[0.6394869089126587, 0.6666741967201233, 0.8255330920219421, 0.8385975360870361]",D00,7369.50092005236,"(481.686954498291, 263.70360016822815)",61.89240217208862,119.0695571899414,230400,249,F,Grieta Vertical
,,,400,959,,D00,497,0.28164342045783997,"[0.38744035363197327, 0.5289137363433838, 0.4371596872806549, 0.7494280338287354]",D00,2526.065033697523,"(409.0693664550781, 148.42800736427307)",79.38514709472656,31.82037353515625,230400,250,F,Grieta Vertical
,,,401,960,,D00,498,0.2808142304420471,"[0.36397168040275574, 0.5441755056381226, 0.43745097517967224, 0.9393276572227478]",D00,6689.779529015686,"(474.7210121154785, 144.25607800483704)",142.2547745704651,47.02674865722656,230400,250,F,Grieta Vertical
,,,402,961,,D00,499,0.2490866333246231,"[0.36845630407333374, 0.5521752834320068, 0.43183571100234985, 0.9406887292861938]",D00,5673.312410615836,"(477.7164840698242, 144.05256271362305)",139.86484050750732,40.56282043457031,230400,250,F,Grieta Vertical
,,,403,962,,D00,500,0.3033275902271271,"[0.3614327311515808, 0.575160562992096, 0.4298110604286194, 0.9415149092674255]",D00,5771.680847237076,"(485.3361511230469, 142.42388248443604)",131.88756465911865,43.76213073730469,230400,250,F,Grieta Vertical
,,,404,963,,D00,501,0.3083248734474182,"[0.35584360361099243, 0.6107295751571655, 0.42121610045433044, 0.9447975158691406]",D00,5031.672284080287,"(497.76866912841797, 139.87074673175812)",120.26445865631104,41.83839797973633,230400,250,F,Grieta Vertical
,,,405,965,,D00,502,0.2526916563510895,"[0.31083565950393677, 0.7142496109008789, 0.38579702377319336, 0.9425890445709229]",D00,3943.6728109922115,"(530.1883697509766, 125.39388298988342)",82.20219612121582,47.97527313232422,230400,251,F,Grieta Vertical
,,,406,966,,D00,503,0.5221407413482666,"[0.15220078825950623, 0.6000038385391235, 0.36526069045066833, 0.8334141969680786]",D00,11457.88142682868,"(458.6937713623047, 93.14306616783142)",84.02772903442383,136.35833740234375,230400,251,F,Grieta Vertical
,,,407,967,,D00,504,0.5397036075592041,"[0.1628023087978363, 0.6486900448799133, 0.33524829149246216, 0.927888035774231]",D00,11092.97016717369,"(504.5049858093262, 89.64910805225372)",100.51127672195435,110.36542892456055,230400,251,F,Grieta Vertical
,,,408,968,,D00,505,0.22082090377807617,"[0.13213017582893372, 0.7174623012542725, 0.2897838354110718, 0.9236177206039429]",D00,7488.266412249413,"(525.1456069946289, 75.94452202320099)",74.21595096588135,100.89834213256836,230400,251,F,Grieta Vertical
,,,409,969,,D00,506,0.4524930715560913,"[0.5480839014053345, 0.6498744487762451, 0.6999006271362305, 0.879052996635437]",D00,8016.338705758608,"(489.2567825317383, 224.6372151374817)",82.50427722930908,97.16270446777344,230400,251,F,Grieta Vertical
,,,409,969,,D00,507,0.2914252281188965,"[0.14650139212608337, 0.6092169284820557, 0.2634742259979248, 0.7301666140556335]",D00,3259.6594508043836,"(428.60273361206055, 73.79561126232147)",43.54188680648804,74.86261367797852,230400,251,F,Grieta Vertical
,,,409,969,,D00,508,0.20309366285800934,"[0.38293296098709106, 0.8225113153457642, 0.42584219574928284, 0.9477354288101196]",D00,1238.0016113347665,"(566.4789581298828, 145.5795282125473)",45.08068084716797,27.461910247802734,230400,251,F,Grieta Vertical
,,,410,970,,D00,509,0.2522171437740326,"[0.07653199136257172, 0.6143202185630798, 0.2627571225166321, 0.7988739013671875]",D00,7918.510184100819,"(452.22211837768555, 61.07204049825668)",66.43932580947876,119.18408393859863,230400,251,F,Grieta Vertical
,,,411,971,,D00,510,0.2887627184391022,"[0.09822523593902588, 0.6490681767463684, 0.23246827721595764, 0.7947664260864258]",D00,4506.388093470878,"(462.02707290649414, 59.524832367897034)",52.451369762420654,85.91554641723633,230400,251,F,Grieta Vertical
,,,412,973,,D00,511,0.552417516708374,"[0.3211561143398285, 0.6182056069374084, 0.40430784225463867, 0.8476945757865906]",D00,4396.585950074314,"(469.0880584716797, 130.5835121870041)",82.61602878570557,53.217105865478516,230400,252,F,Grieta Vertical
,,,413,974,,D00,512,0.6396594643592834,"[0.2632368505001068, 0.6128023862838745, 0.38524681329727173, 0.9330060482025146]",D00,9001.275696739413,"(494.65869903564453, 116.72705948352814)",115.27331829071045,78.08637619018555,230400,252,F,Grieta Vertical
,,,413,974,,D00,513,0.5665532946586609,"[0.5268217325210571, 0.6712777614593506, 0.6506601572036743, 0.8597726821899414]",D00,5378.207395726349,"(489.93614196777344, 211.94674015045166)",67.8581714630127,79.256591796875,230400,252,F,Grieta Vertical
,,,414,975,,D00,514,0.2033298760652542,"[0.21781058609485626, 0.6532900333404541, 0.33292874693870544, 0.9061708450317383]",D00,6707.21447913993,"(499.02748107910156, 99.13307994604111)",91.0370922088623,73.67562294006348,230400,252,F,Grieta Vertical
,,,415,976,,D00,515,0.3214413821697235,"[0.3974528908729553, 0.6034430861473083, 0.6382924318313599, 0.9041398763656616]",D00,16685.49356325593,"(482.4265480041504, 186.43415808677673)",108.25084447860718,154.1373062133789,230400,252,F,Grieta Vertical
,,,416,977,,D00,516,0.37318700551986694,"[0.3566318154335022, 0.6266239285469055, 0.4213721752166748, 0.9380686283111572]",D00,4645.5648572850805,"(500.7016181945801, 140.04071831703186)",112.12009191513062,41.43383026123047,230400,252,F,Grieta Vertical
,,,416,977,,D00,517,0.24989710748195648,"[0.1988382786512375, 0.7698621153831482, 0.23042821884155273, 0.8404777646064758]",D00,513.9634488111824,"(515.3087615966797, 77.26796954870224)",25.42163372039795,20.217561721801758,230400,252,F,Grieta Vertical
,,,417,979,,D00,518,0.20437030494213104,"[0.30342403054237366, 0.6871985793113708, 0.343280553817749, 0.9438917636871338]",D00,2357.198871022729,"(521.9489097595215, 116.40682518482208)",92.40954637527466,25.508174896240234,230400,253,F,Grieta Vertical
,,,418,980,,D00,519,0.23114390671253204,"[0.29059380292892456, 0.7616010904312134, 0.3351212441921234, 0.9483893513679504]",D00,1916.2836443555989,"(547.1969413757324, 112.62870848178864)",67.24377393722534,28.497562408447266,230400,253,F,Grieta Vertical
,,,419,981,,D43,520,0.28153079748153687,"[0.003383731935173273, 0.6546255946159363, 0.5907971262931824, 0.8097718954086304]",D43,20997.507495335067,"(468.6071968078613, 106.95255448110402)",55.85266828536987,375.9445723891258,230400,385,F,Desenfoque de paso peatonal
,,,420,982,,D43,521,0.6550813913345337,"[0.004078388214111328, 0.7292677164077759, 0.7325482368469238, 0.9524634480476379]",D43,37461.04953826871,"(538.1539726257324, 132.59279251098633)",80.35046339035034,466.220703125,230400,385,F,Desenfoque de paso peatonal
,,,421,983,,D43,522,0.38078662753105164,"[0.0021588325034826994, 0.8193413019180298, 0.9478753209114075, 0.968497633934021]",D43,32500.132424748226,"(572.1084594726562, 171.00614761468023)",53.696279525756836,605.2585525810719,230400,385,F,Desenfoque de paso peatonal
,,,422,1000,,D44,523,0.31855085492134094,"[0.23818723857402802, 0.5817302465438843, 0.36474597454071045, 0.9495024085044861]",D44,10723.917298514174,"(489.9944496154785, 108.52797836065292)",132.39797830581665,80.99759101867676,230400,97,F,Desenfoque de linea blanca
,,,423,1001,,D44,524,0.2785438895225525,"[0.2734532356262207, 0.5747137069702148, 0.40168172121047974, 0.9410828351974487]",D44,10823.952033193746,"(485.05489349365234, 121.52429223060608)",131.8928861618042,82.06623077392578,230400,97,F,Desenfoque de linea blanca
,,,424,1002,,D44,525,0.28180938959121704,"[0.2750700116157532, 0.5777872800827026, 0.4114321768283844, 0.952540934085846]",D44,11773.951414551675,"(489.70502853393555, 123.57039391994476)",134.9113154411316,87.27178573608398,230400,97,F,Desenfoque de linea blanca
,,,425,1003,,D44,526,0.43557217717170715,"[0.28067880868911743, 0.581316351890564, 0.41638875007629395, 0.9509037733078003]",D44,11556.100753452483,"(490.31044006347656, 125.47216057777405)",133.05147171020508,86.85436248779297,230400,97,F,Desenfoque de linea blanca
,,,426,1004,,D44,527,0.2780311107635498,"[0.27168869972229004, 0.5883029699325562, 0.4127567708492279, 0.9500871300697327]",D44,11758.739013464992,"(492.2848320007324, 123.20018470287323)",130.24229764938354,90.28356552124023,230400,97,F,Desenfoque de linea blanca
,,,427,1005,,D44,528,0.526703417301178,"[0.2633543014526367, 0.5784169435501099, 0.4125872552394867, 0.9489968419075012]",D44,12741.749647696315,"(488.77241134643555, 121.66948020458221)",133.4087634086609,95.50909042358398,230400,97,F,Desenfoque de linea blanca
,,,428,1006,,D44,529,0.5640736818313599,"[0.2550148069858551, 0.5913015604019165, 0.4058225154876709, 0.948357880115509]",D44,12406.313176035519,"(492.6910209655762, 118.95071804523468)",128.5402750968933,96.51693344116211,230400,97,F,Desenfoque de linea blanca
,,,429,1007,,D44,530,0.5038484930992126,"[0.24751734733581543, 0.6107308864593506, 0.3966401219367981, 0.9504731893539429]",D44,11672.827743045673,"(499.5853042602539, 115.94834446907043)",122.30722904205322,95.4385757446289,230400,97,F,Desenfoque de linea blanca
,,,430,1008,,D44,531,0.24293597042560577,"[0.23938831686973572, 0.6797000169754028, 0.3710659444332123, 0.9443081617355347]",D44,8027.820918371435,"(519.6826171875, 109.88176703453064)",95.25893211364746,84.273681640625,230400,97,F,Desenfoque de linea blanca
,,,431,1013,,D44,532,0.20545412600040436,"[0.2496120035648346, 0.5257581472396851, 0.43120431900024414, 0.9371534585952759]",D44,17212.314734975917,"(468.1317138671875, 122.54693806171417)",148.1023120880127,116.21908187866211,230400,98,F,Desenfoque de linea blanca
,,,432,1014,,D44,533,0.4335158169269562,"[0.24751415848731995, 0.520616352558136, 0.4281468391418457, 0.949139416217804]",D44,17834.174141445692,"(470.3218460083008, 121.61897957324982)",154.26830291748047,115.60491561889648,230400,98,F,Desenfoque de linea blanca
,,,432,1014,,D44,534,0.22171466052532196,"[0.00023677348508499563, 0.556689441204071, 0.32072293758392334, 0.9199371337890625]",D44,26822.21405513886,"(472.52050399780273, 57.7727479924215)",130.76916933059692,205.11114502325654,230400,98,F,Desenfoque de linea blanca
,,,433,1015,,D44,535,0.36375629901885986,"[0.25121569633483887, 0.5144118666648865, 0.4242820739746094, 0.9514623284339905]",D44,17427.16575686427,"(469.0797424316406, 121.58959865570068)",157.33816623687744,110.76248168945312,230400,98,F,Desenfoque de linea blanca
,,,434,1016,,D44,536,0.29098770022392273,"[0.2438368797302246, 0.5104504227638245, 0.4186258912086487, 0.9518380165100098]",D44,17775.291154115166,"(467.93230056762695, 119.24329876899719)",158.8995337486267,111.8649673461914,230400,98,F,Desenfoque de linea blanca
,,,435,1017,,D44,537,0.28668513894081116,"[0.23934940993785858, 0.5108323097229004, 0.4114615023136139, 0.950233519077301]",D44,17424.290657531106,"(467.54106521606445, 117.14596420526505)",158.18443536758423,110.1517391204834,230400,98,F,Desenfoque de linea blanca
,,,436,1018,,D44,538,0.23897923529148102,"[0.00015807151794433594, 0.5239174962043762, 0.3340592384338379, 0.9208012819290161]",D44,30532.598595867967,"(462.31000900268555, 60.1591157913208)",142.87816286087036,213.69674682617188,230400,98,F,Desenfoque de linea blanca
,,,437,1019,,D44,539,0.29893800616264343,"[0.00016388893709518015, 0.5249332785606384, 0.3281206488609314, 0.9232349991798401]",D44,30096.170902969898,"(463.4138488769531, 59.091216803644784)",143.3886194229126,209.89232635125518,230400,98,F,Desenfoque de linea blanca
,,,437,1019,,D44,540,0.2593640983104706,"[0.21985173225402832, 0.4998185932636261, 0.39979004859924316, 0.9501900672912598]",D44,18671.40513018894,"(464.0027713775635, 111.53552055358887)",162.13373064994812,115.1605224609375,230400,98,F,Desenfoque de linea blanca
,,,438,1020,,D44,541,0.4014018774032593,"[9.360313561046496e-05, 0.5161170363426208, 0.3314996659755707, 0.9249581098556519]",D44,31217.451379249847,"(461.14404678344727, 59.686788440012606)",147.18278646469116,212.09988021757454,230400,98,F,Desenfoque de linea blanca
,,,438,1020,,D44,542,0.23974163830280304,"[0.21190094947814941, 0.5007761716842651, 0.39530032873153687, 0.950284481048584]",D44,18994.07114649348,"(464.3394088745117, 109.29623007774353)",161.82299137115479,117.37560272216797,230400,98,F,Desenfoque de linea blanca
,,,439,1021,,D44,543,0.29932311177253723,"[5.557537224376574e-05, 0.5258995294570923, 0.3159673810005188, 0.9234103560447693]",D44,28933.254831536906,"(463.7791633605957, 56.88413214709726)",143.10389757156372,202.18355560209602,230400,98,F,Desenfoque de linea blanca
,,,440,1022,,D44,544,0.2031397521495819,"[0.0001691579818725586, 0.5307085514068604, 0.3166382908821106, 0.9201450943946838]",D44,28395.566226206847,"(464.27316665649414, 57.02534079551697)",140.19715547561646,202.54024505615234,230400,98,F,Desenfoque de linea blanca
,,,441,1023,,D44,545,0.21737830340862274,"[0.00012843609147239476, 0.5353116393089294, 0.31497523188591003, 0.9135719537734985]",D44,27439.268655828317,"(463.64274978637695, 56.71866023592884)",136.17371320724487,201.5019493084401,230400,98,F,Desenfoque de linea blanca
,,,441,1023,,D44,546,0.20506983995437622,"[0.20560988783836365, 0.5214162468910217, 0.3906429409980774, 0.9450229406356812]",D44,18059.037668920202,"(469.2605400085449, 107.32550919055939)",152.4984097480774,118.4211540222168,230400,98,F,Desenfoque de linea blanca
,,,442,1024,,D44,547,0.20429202914237976,"[0.0001200675978907384, 0.5285446047782898, 0.32445481419563293, 0.9093254804611206]",D44,28454.508017016724,"(460.1184272766113, 58.42347872283426)",137.0811152458191,207.574237822555,230400,98,F,Desenfoque de linea blanca
,,,443,1026,,D44,548,0.2816818058490753,"[0.20521077513694763, 0.5373855829238892, 0.38683590292930603, 0.9483767747879028]",D44,17198.513912179624,"(475.44395446777344, 106.56840205192566)",147.95682907104492,116.24008178710938,230400,99,F,Desenfoque de linea blanca
,,,443,1026,,D44,549,0.26740700006484985,"[6.594658043468371e-05, 0.5320681929588318, 0.32186776399612427, 0.9094266891479492]",D44,27978.543334865564,"(461.2783622741699, 57.94806790378061)",135.84905862808228,205.95316314604133,230400,99,F,Desenfoque de linea blanca
,,,444,1027,,D44,550,0.38489407300949097,"[0.2103099375963211, 0.5401663184165955, 0.3826811909675598, 0.9485965967178345]",D44,16220.537622270353,"(476.4041328430176, 106.73840314149857)",147.03490018844604,110.31760215759277,230400,99,F,Desenfoque de linea blanca
,,,444,1027,,D44,551,0.306683212518692,"[0.0006333589553833008, 0.5386759638786316, 0.3139704465866089, 0.909998893737793]",D44,26806.866143100706,"(463.57595443725586, 56.628684997558594)",133.6762547492981,200.53573608398438,230400,99,F,Desenfoque de linea blanca
,,,445,1028,,D44,552,0.28885266184806824,"[0.00035221577854827046, 0.5313006639480591, 0.3141069710254669, 0.9128955602645874]",D44,27585.149943690005,"(462.1427917480469, 56.602653624722734)",137.3741626739502,200.80304335802794,230400,99,F,Desenfoque de linea blanca
,,,446,1029,,D44,553,0.5061665177345276,"[0.00037028788938187063, 0.5406102538108826, 0.3043043911457062, 0.9209408164024353]",D44,26633.186722307382,"(467.6963424682617, 54.84144222631585)",136.91900253295898,194.51782608404756,230400,99,F,Desenfoque de linea blanca
,,,447,1030,,D44,554,0.4303824305534363,"[0.0001127243012888357, 0.5522904396057129, 0.29494139552116394, 0.9213533997535706]",D44,25069.902828334063,"(471.5660285949707, 53.1097415680415)",132.86266565322876,188.69034958072007,230400,99,F,Desenfoque de linea blanca
,,,448,1031,,D44,555,0.2743324935436249,"[0.00032207966432906687, 0.5516435503959656, 0.2915210425853729, 0.9176515340805054]",D44,24556.29587015278,"(470.1744270324707, 52.53176200494636)",131.76287412643433,186.36733626946807,230400,99,F,Desenfoque de linea blanca
,,,449,1032,,D44,556,0.2028639167547226,"[0.00020513535127975047, 0.5831805467605591, 0.26213255524635315, 0.9279379844665527]",D44,20805.448584491693,"(483.5579299926758, 47.22078430757392)",124.11267757415771,167.63354873284698,230400,99,F,Desenfoque de linea blanca
,,,450,1035,,D44,557,0.345967561006546,"[0.20396766066551208, 0.5651644468307495, 0.39599138498306274, 0.9471556544303894]",D44,16900.156647899486,"(483.94243240356445, 107.99262821674347)",137.51683473587036,122.89518356323242,230400,100,F,Desenfoque de linea blanca
,,,451,1036,,D44,558,0.236974835395813,"[0.2204611599445343, 0.5792508721351624, 0.3994907736778259, 0.9497659206390381]",D44,15283.161450091166,"(489.28537368774414, 111.59134805202484)",133.38541746139526,114.57895278930664,230400,100,F,Desenfoque de linea blanca
,,,452,1038,,D44,559,0.23599445819854736,"[0.23871102929115295, 0.588844358921051, 0.4099403917789459, 0.9550586938858032]",D44,14447.611494122248,"(494.04897689819336, 116.7572557926178)",131.8371605873108,109.5867919921875,230400,101,F,Desenfoque de linea blanca
,,,453,1039,,D44,560,0.450363427400589,"[0.24127177894115448, 0.5837389230728149, 0.4100460112094879, 0.9535251259803772]",D44,14379.352127803235,"(491.9244956970215, 117.23720222711563)",133.1230330467224,108.0155086517334,230400,101,F,Desenfoque de linea blanca
,,,453,1039,,D44,561,0.20604851841926575,"[0.0002089023619191721, 0.6119194626808167, 0.2852892279624939, 0.9337826371192932]",D44,21140.78021401086,"(494.62467193603516, 51.38966345839435)",115.87074279785156,182.45140838436782,230400,101,F,Desenfoque de linea blanca
,,,454,1040,,D44,562,0.3829714357852936,"[0.24310961365699768, 0.5743688941001892, 0.41128069162368774, 0.9512220621109009]",D44,14601.785126290224,"(488.1891059875488, 117.79025495052338)",135.6671404838562,107.62948989868164,230400,101,F,Desenfoque de linea blanca
,,,455,1041,,D44,563,0.20901024341583252,"[0.24293962121009827, 0.5710204839706421, 0.4085375666618347, 0.9515007734298706]",D44,14516.756172133682,"(487.20680236816406, 117.26589381694794)",136.97290420532227,105.98268508911133,230400,101,F,Desenfoque de linea blanca
,,,456,1043,,D44,564,0.3193160593509674,"[0.22553932666778564, 0.5614250898361206, 0.39925438165664673, 0.9489430785179138]",D44,15510.00008748224,"(483.317813873291, 112.46286749839783)",139.50647592544556,111.1776351928711,230400,102,F,Desenfoque de linea blanca
,,,457,1046,,D44,565,0.22172370553016663,"[0.18799403309822083, 0.5501882433891296, 0.3924725353717804, 0.9523664712905884]",D44,18947.359108989986,"(480.81750869750977, 104.48398232460022)",144.78416204452515,130.86624145507812,230400,103,F,Desenfoque de linea blanca
,,,458,1047,,D44,566,0.26366952061653137,"[0.1752425730228424, 0.5563617944717407, 0.38527750968933105, 0.944006085395813]",D44,18758.90167911093,"(480.1177215576172, 100.89361488819122)",139.55194473266602,134.42235946655273,230400,103,F,Desenfoque de linea blanca
,,,459,1067,,D44,567,0.2476666122674942,"[0.0, 0.5737682580947876, 0.3755759000778198, 0.9396974444389343]",D44,31664.835884378226,"(484.309024810791, 67.60366201400757)",131.73450708389282,240.3685760498047,230400,104,F,Desenfoque de linea blanca
,,,460,1068,,D44,568,0.31514686346054077,"[0.10623302310705185, 0.5603955388069153, 0.37796521186828613, 0.9489105939865112]",D44,24323.799469972222,"(482.9779624938965, 87.15568229556084)",139.86541986465454,173.90860080718994,230400,104,F,Desenfoque de linea blanca
,,,461,1069,,D44,569,0.35157594084739685,"[0.1251043826341629, 0.5676305890083313, 0.37297505140304565, 0.946496307849884]",D44,21636.794673298755,"(484.5206069946289, 89.65429812669754)",136.39165878295898,158.63722801208496,230400,104,F,Desenfoque de linea blanca
,,,462,1070,,D44,570,0.30689767003059387,"[0.10379034280776978, 0.55768221616745, 0.36895498633384705, 0.9515141248703003]",D44,24060.740585560918,"(482.9428291320801, 85.09415924549103)",141.77948713302612,169.70537185668945,230400,104,F,Desenfoque de linea blanca
,,,463,1071,,D44,571,0.40937748551368713,"[0.09659528732299805, 0.5600603222846985, 0.36197948455810547, 0.9455702304840088]",D44,23571.817923145863,"(481.8017768859863, 82.54345893859863)",138.7835669517517,169.84588623046875,230400,104,F,Desenfoque de linea blanca
,,,464,1072,,D44,572,0.3506607413291931,"[0.09060993045568466, 0.5788618326187134, 0.34797120094299316, 0.9469570517539978]",D44,21826.58763040382,"(488.2620429992676, 78.94460365176201)",132.5142788887024,164.71121311187744,230400,104,F,Desenfoque de linea blanca
,,,465,1073,,D44,573,0.6341626644134521,"[0.094984270632267, 0.6068454384803772, 0.3311188519001007, 0.9455966353416443]",D44,18429.89691451687,"(496.7814636230469, 76.69856205582619)",121.95043087005615,151.12613201141357,230400,104,F,Desenfoque de linea blanca
,,,466,1074,,D44,574,0.4689062535762787,"[0.08741939067840576, 0.6569021940231323, 0.3023923337459564, 0.9442211389541626]",D44,14230.840133580386,"(512.3594665527344, 70.16611039638519)",103.4348201751709,137.58268356323242,230400,104,F,Desenfoque de linea blanca
,,,467,1075,,D44,575,0.371619313955307,"[0.09506391733884811, 0.7199922204017639, 0.2619895040988922, 0.9447572231292725]",D44,8644.384503570189,"(532.7198219299316, 64.26961585879326)",80.91540098190308,106.83237552642822,230400,104,F,Desenfoque de linea blanca
,,,468,1093,,D44,576,0.406338095664978,"[0.14089278876781464, 0.6018174886703491, 0.40076732635498047, 0.9424111247062683]",D44,20393.075789560156,"(494.1531562805176, 97.49882072210312)",122.61370897293091,166.31970405578613,230400,105,F,Desenfoque de linea blanca
,,,469,1099,,D44,577,0.33185333013534546,"[0.21333852410316467, 0.6787629723548889, 0.3366245627403259, 0.9126496911048889]",D44,6643.576407060027,"(509.2520523071289, 98.99335563182831)",84.19921875,78.9030647277832,230400,106,F,Desenfoque de linea blanca
,,,470,1104,,D44,578,0.29390424489974976,"[0.2427680492401123, 0.6958929300308228, 0.3691028952598572, 0.9450411200523376]",D44,7252.093030456217,"(525.0988960266113, 110.1367700099945)",89.69334840774536,80.85430145263672,230400,107,F,Desenfoque de linea blanca
,,,471,1105,,D00,579,0.5044590830802917,"[0.23548121750354767, 0.543665885925293, 0.413530170917511, 0.9103039503097534]",D00,15040.40224789428,"(465.27034759521484, 116.82204991579056)",131.98970317840576,113.95133018493652,230400,254,F,Grieta Vertical
,,,472,1106,,D00,580,0.49992406368255615,"[0.23570466041564941, 0.550416886806488, 0.4045852720737457, 0.9229776859283447]",D00,14496.375314425723,"(471.4862632751465, 115.25218784809113)",134.1218876838684,108.08359146118164,230400,254,F,Grieta Vertical
,,,473,1107,,D00,581,0.21727263927459717,"[0.24490293860435486, 0.5888109803199768, 0.38827282190322876, 0.9153582453727722]",D00,10786.64677221559,"(481.3341522216797, 113.97163689136505)",117.55701541900635,91.7567253112793,230400,254,F,Grieta Vertical
,,,474,1109,,D00,582,0.3822689652442932,"[0.2203015834093094, 0.6075835824012756, 0.35638776421546936, 0.9286271929740906]",D00,10066.083571601166,"(491.5874481201172, 103.80408257246017)",115.57569980621338,87.09515571594238,230400,255,F,Grieta Vertical
,,,475,1110,,D00,583,0.3406837284564972,"[0.21459956467151642, 0.6862421631813049, 0.32027697563171387, 0.9121346473693848]",D00,5500.047256557377,"(511.4805793762207, 96.27777725458145)",81.32129430770874,67.63354301452637,230400,255,F,Grieta Vertical
,,,476,1111,,D44,584,0.5946988463401794,"[0.22608180344104767, 0.6874767541885376, 0.327888548374176, 0.9171730875968933]",D44,5387.820140708186,"(513.4879493713379, 99.71466332674026)",82.69068002700806,65.15631675720215,230400,108,F,Desenfoque de linea blanca
,,,476,1111,,D44,585,0.37882158160209656,"[0.0, 0.5186176896095276, 0.30206990242004395, 0.8750986456871033]",D44,24809.971418946952,"(445.9892272949219, 54.37258243560791)",128.33314418792725,193.32473754882812,230400,108,F,Desenfoque de linea blanca
,,,477,1112,,D44,586,0.3676537275314331,"[0.0002240657777292654, 0.5188307762145996, 0.2942408621311188, 0.876557469367981]",D44,24232.93200945773,"(446.5242385864258, 53.00368702359265)",128.78160953521729,188.17074966616929,230400,108,F,Desenfoque de linea blanca
,,,478,1113,,D00,587,0.4495812952518463,"[0.540065586566925, 0.7520970702171326, 0.593701183795929, 0.9133729934692383]",D00,1992.9900585106225,"(532.9504203796387, 204.07801866531372)",58.05933237075806,34.3267822265625,230400,256,F,Grieta Vertical
,,,478,1113,,D00,589,0.37033796310424805,"[0.15205833315849304, 0.7290541529655457, 0.2608756124973297, 0.9324431419372559]",D00,5099.267272867928,"(531.6791343688965, 74.3281102180481)",73.22003602981567,69.64305877685547,230400,256,F,Grieta Vertical
,,,478,1113,,D10,588,0.3975207507610321,"[0.6365338563919067, 0.7869740724563599, 0.8378069996833801, 0.867786169052124]",D10,3747.526202373956,"(529.5232772827148, 265.38135409355164)",29.092354774475098,128.81481170654297,230400,358,F,Grieta e Intervalo Lineal Transversal
,,,478,1113,,D44,590,0.27234646677970886,"[0.2445378303527832, 0.6712446808815002, 0.32279616594314575, 0.8499369025230408]",D44,3221.949507520003,"(486.7781066894531, 102.12011933326721)",64.32919979095459,50.08533477783203,230400,108,F,Desenfoque de linea blanca
,,,478,1113,,D44,591,0.261982798576355,"[1.533031536382623e-05, 0.5190632343292236, 0.3021385073661804, 0.8707243800163269]",D44,24478.8439865052,"(444.7320365905762, 54.387690782677964)",126.59801244735718,193.35883331252262,230400,108,F,Desenfoque de linea blanca
,,,479,1114,,D00,593,0.29055070877075195,"[0.16754689812660217, 0.6351425051689148, 0.32155126333236694, 0.9196741580963135]",D00,10095.924462343146,"(497.54133224487305, 88.03766906261444)",102.43139505386353,98.56279373168945,230400,256,F,Grieta Vertical
,,,479,1114,,D10,594,0.24501483142375946,"[0.26516735553741455, 0.7093437910079956, 0.35727497935295105, 0.7453880906105042]",D10,764.9175832663332,"(465.5142021179199, 112.03962028026581)",12.975947856903076,58.94887924194336,230400,358,F,Grieta e Intervalo Lineal Transversal
,,,479,1114,,D44,592,0.38179245591163635,"[9.608268555894028e-06, 0.5181182622909546, 0.30008530616760254, 0.8871349692344666]",D44,25512.870729019927,"(449.68103408813477, 54.01708459850852)",132.8460144996643,192.04844665538985,230400,108,F,Desenfoque de linea blanca
,,,480,1115,,D44,595,0.2791256904602051,"[0.0, 0.5227978825569153, 0.29382529854774475, 0.8700109124183655]",D44,23505.401585366235,"(445.69881439208984, 52.888553738594055)",124.99669075012207,188.04819107055664,230400,108,F,Desenfoque de linea blanca
,,,481,1116,,D44,596,0.3193967938423157,"[7.324219041038305e-05, 0.5243664383888245, 0.29622623324394226, 0.8909939527511597]",D44,25016.33317960565,"(452.9153251647949, 53.333905578183476)",131.98590517044067,189.5379142742604,230400,108,F,Desenfoque de linea blanca
,,,482,1117,,D00,599,0.38016870617866516,"[0.4650297164916992, 0.6223212480545044, 0.4911266267299652, 0.6818904280662537]",D00,358.17328367625123,"(417.3477363586426, 172.1081417798996)",21.444904804229736,16.702022552490234,230400,257,F,Grieta Vertical
,,,482,1117,,D10,600,0.3581569194793701,"[0.5969775319099426, 0.6632583141326904, 0.7364083528518677, 0.7264087200164795]",D10,2028.698020268348,"(444.6934509277344, 240.00945925712585)",22.734146118164062,89.23572540283203,230400,359,F,Grieta e Intervalo Lineal Transversal
,,,482,1117,,D44,597,0.5207566022872925,"[0.44430428743362427, 0.5392666459083557, 0.6984071731567383, 0.9159305095672607]",D44,22051.900731650767,"(465.66308975219727, 205.68806290626526)",135.5989909172058,162.62584686279297,230400,108,F,Desenfoque de linea blanca
,,,482,1117,,D44,598,0.380807101726532,"[0.0, 0.5166653394699097, 0.3023211359977722, 0.8741884231567383]",D44,24903.195219216832,"(445.07320404052734, 54.417804479599)",128.7083101272583,193.48552703857422,230400,108,F,Desenfoque de linea blanca
,,,483,1118,,D00,601,0.5507102012634277,"[0.17670324444770813, 0.645220160484314, 0.3261641263961792, 0.9239680171012878]",D00,9598.901873176828,"(502.1402168273926, 90.51612675189972)",100.3492283821106,95.65496444702148,230400,257,F,Grieta Vertical
,,,483,1118,,D00,602,0.48661330342292786,"[0.5233445167541504, 0.7901440262794495, 0.5859633684158325, 0.9500154256820679]",D00,2306.525977529418,"(556.8510246276855, 199.67541933059692)",57.55370378494263,40.07606506347656,230400,257,F,Grieta Vertical
,,,484,1119,,D00,604,0.3265322744846344,"[0.4458208978176117, 0.6427640914916992, 0.4842301309108734, 0.731398344039917]",D00,784.3676926859189,"(439.7319793701172, 167.40918517112732)",31.9083309173584,24.5819091796875,230400,257,F,Grieta Vertical
,,,484,1119,,D00,605,0.27013906836509705,"[0.18568778038024902, 0.7637573480606079, 0.27942150831222534, 0.9104963541030884]",D00,3169.0123935884912,"(535.7611846923828, 83.71967196464539)",52.82604217529297,59.989585876464844,230400,257,F,Grieta Vertical
,,,484,1119,,D44,603,0.4867384433746338,"[0.2596370577812195, 0.6323714256286621, 0.33557984232902527, 0.7888209819793701]",D44,2737.431924604789,"(454.7815704345703, 107.13904201984406)",56.32184028625488,48.6033821105957,230400,109,F,Desenfoque de linea blanca
,,,485,1120,,D44,606,0.23145563900470734,"[0.44336748123168945, 0.5442193746566772, 0.687933087348938, 0.9168844223022461]",D44,20998.898670217386,"(467.55321502685547, 203.63410234451294)",134.15941715240479,156.52198791503906,230400,109,F,Desenfoque de linea blanca
,,,486,1121,,D00,607,0.459130197763443,"[0.16475296020507812, 0.7624276876449585, 0.2512581944465637, 0.928533673286438]",D00,3310.6261701494077,"(541.1076354980469, 74.88200783729553)",59.79815483093262,55.36334991455078,230400,258,F,Grieta Vertical
,,,487,1122,,D00,608,0.5018581748008728,"[0.38534578680992126, 0.5557049512863159, 0.411604106426239, 0.6749852299690247]",D00,721.6357666346539,"(393.820858001709, 143.45098078250885)",42.94090032577515,16.80532455444336,230400,258,F,Grieta Vertical
,,,487,1122,,D00,609,0.48694685101509094,"[0.15985523164272308, 0.6324768662452698, 0.3263808786869049, 0.9211181402206421]",D00,11074.446699818305,"(497.1504020690918, 87.52249985933304)",103.91085863113403,106.57641410827637,230400,258,F,Grieta Vertical
,,,487,1122,,D10,610,0.37537315487861633,"[0.05016084387898445, 0.7440904378890991, 0.23096203804016113, 0.8091932535171509]",D10,2711.9616327490576,"(497.05078125, 50.602118745446205)",23.437013626098633,115.71276426315308,230400,360,F,Grieta e Intervalo Lineal Transversal
,,,487,1122,,D44,611,0.2944072484970093,"[0.00023283957852981985, 0.5392841696739197, 0.2884923815727234, 0.9183372259140015]",D44,25174.80815230432,"(466.43884658813477, 51.97053980722558)",136.45910024642944,184.48610687628388,230400,110,F,Desenfoque de linea blanca
,,,487,1122,,D44,612,0.22396162152290344,"[0.4558776915073395, 0.5598769187927246, 0.6792829632759094, 0.9222319722175598]",D44,18651.347524705532,"(474.274845123291, 204.3289178609848)",130.44781923294067,142.97937393188477,230400,110,F,Desenfoque de linea blanca
,,,488,1123,,D00,614,0.3964039385318756,"[0.36880478262901306, 0.6047120094299316, 0.4156181812286377, 0.9266052842140198]",D00,3471.8787484429868,"(490.02153396606445, 141.19613349437714)",115.88157892227173,29.960575103759766,230400,258,F,Grieta Vertical
,,,488,1123,,D44,613,0.5936311483383179,"[0.2415413111448288, 0.643833339214325, 0.3213258385658264, 0.7883515357971191]",D44,2656.5848105686428,"(458.2991600036621, 101.31608694791794)",52.02655076980591,51.06209754943848,230400,110,F,Desenfoque de linea blanca
,,,489,1124,,D00,615,0.2458771914243698,"[0.19492141902446747, 0.6832678914070129, 0.2971692681312561, 0.8699300289154053]",D00,4397.3687969069715,"(497.0233345031738, 88.57632368803024)",67.19836950302124,65.43862342834473,230400,258,F,Grieta Vertical
,,,489,1124,,D00,616,0.22701437771320343,"[0.368773877620697, 0.6885229349136353, 0.41236716508865356, 0.9502477645874023]",D00,2628.7362979132013,"(524.406623840332, 140.6053876876831)",94.22093868255615,27.899703979492188,230400,258,F,Grieta Vertical
,,,490,1125,,D00,618,0.4849119484424591,"[0.46727246046066284, 0.6616664528846741, 0.5634080171585083, 0.9378630518913269]",D00,6117.653100339339,"(511.8494415283203, 185.5224859714508)",99.43077564239502,61.526756286621094,230400,258,F,Grieta Vertical
,,,490,1125,,D44,617,0.6674663424491882,"[0.24116745591163635, 0.6404090523719788, 0.32258421182632446, 0.7902906537055969]",D44,2811.5421124335626,"(457.8239059448242, 101.47530019283295)",53.95737648010254,52.10672378540039,230400,111,F,Desenfoque de linea blanca
,,,491,1126,,D00,620,0.3220767676830292,"[0.20327290892601013, 0.6213644742965698, 0.3398992121219635, 0.8886791467666626]",D00,8414.7184488098,"(483.2139587402344, 97.77098178863525)",96.2332820892334,87.44083404541016,230400,258,F,Grieta Vertical
,,,491,1126,,D20,619,0.3345226049423218,"[0.3819817006587982, 0.6735853552818298, 0.6087185144424438, 0.9371715784072876]",D20,13769.786969563711,"(515.4422187805176, 178.32603871822357)",94.8910403251648,145.1115608215332,230400,28,F,Piel de cocodrilo
,,,491,1126,,D44,621,0.24390266835689545,"[0.0, 0.5117955803871155, 0.30934232473373413, 0.8747779130935669]",D44,25870.64800589278,"(443.70351791381836, 55.681618452072144)",130.6736397743225,197.97908782958984,230400,111,F,Desenfoque de linea blanca
,,,492,1127,,D00,623,0.38374584913253784,"[0.19925148785114288, 0.7839411497116089, 0.2640065848827362, 0.9275992512702942]",D00,2143.3177280579685,"(547.692928314209, 83.38645309209824)",51.71691656112671,41.44326210021973,230400,258,F,Grieta Vertical
,,,492,1127,,D44,622,0.6661008596420288,"[0.262908399105072, 0.6517293453216553, 0.3334919512271881, 0.7961503863334656]",D44,2348.640017461412,"(463.3215141296387, 107.35206305980682)",51.99157476425171,45.1734733581543,230400,111,F,Desenfoque de linea blanca
,,,492,1127,,D44,624,0.2969367206096649,"[0.4555704593658447, 0.545467734336853, 0.6945087909698486, 0.9179942011833191]",D44,20508.100408311293,"(468.3078193664551, 207.0142650604248)",134.10952806472778,152.9205322265625,230400,111,F,Desenfoque de linea blanca
,,,493,1128,,D00,626,0.23000842332839966,"[0.21431489288806915, 0.6357531547546387, 0.35083574056625366, 0.9294594526290894]",D00,9238.356346577211,"(500.86803436279297, 101.7271140217781)",105.73426723480225,87.37334251403809,230400,258,F,Grieta Vertical
,,,493,1128,,D44,625,0.2315549999475479,"[6.289481825660914e-05, 0.5176829099655151, 0.31236371397972107, 0.8812128901481628]",D44,26157.475722422434,"(447.64665603637695, 56.23678958363598)",130.87079286575317,199.87252426333725,230400,111,F,Desenfoque de linea blanca
,,,494,1129,,D00,628,0.20390869677066803,"[0.22812990844249725, 0.820875883102417, 0.28785842657089233, 0.9385274052619934]",D00,1619.0556074822098,"(563.0090522766113, 92.87790030241013)",42.35454797744751,38.22625160217285,230400,258,F,Grieta Vertical
,,,494,1129,,D44,627,0.20963315665721893,"[0.27402201294898987, 0.6712155342102051, 0.350428968667984, 0.8395168781280518]",D44,2962.8042237338377,"(483.4343719482422, 112.4011766910553)",60.588483810424805,48.90045166015625,230400,111,F,Desenfoque de linea blanca
,,,495,1130,,D00,629,0.4319794476032257,"[0.24629339575767517, 0.6484817862510681, 0.3579213619232178, 0.9357898235321045]",D00,7389.299373625954,"(506.96691513061523, 108.75865638256073)",103.4308934211731,71.44189834594727,230400,258,F,Grieta Vertical
,,,495,1130,,D10,630,0.39275866746902466,"[0.41189518570899963, 0.7307934165000916, 0.6117828488349915, 0.8165281414985657]",D10,3948.437106131223,"(495.1428985595703, 184.2620462179184)",30.864500999450684,127.92810440063477,230400,361,F,Grieta e Intervalo Lineal Transversal
,,,496,1131,,D00,632,0.3761855363845825,"[0.7265046238899231, 0.7898889183998108, 0.8038724064826965, 0.8775759339332581]",D00,1563.0681494018063,"(533.588752746582, 275.46786546707153)",31.567325592041016,49.515380859375,230400,258,F,Grieta Vertical
,,,496,1131,,D00,633,0.32300394773483276,"[0.46885958313941956, 0.5350797772407532, 0.5703570246696472, 0.7274256348609924]",D00,4498.009905575054,"(404.0017318725586, 187.05898940563202)",69.24450874328613,64.9583625793457,230400,258,F,Grieta Vertical
,,,496,1131,,D44,631,0.6589325070381165,"[0.25233182311058044, 0.6781914830207825, 0.34841710329055786, 0.929539680480957]",D44,5564.358599199704,"(514.4739723205566, 108.1348067522049)",90.48535108566284,61.49457931518555,230400,112,F,Desenfoque de linea blanca
,,,496,1131,,D44,634,0.3023031949996948,"[0.4781114459037781, 0.5415502190589905, 0.7694019079208374, 0.9061886072158813]",D44,24472.09372155876,"(463.276424407959, 224.5524036884308)",131.2698197364807,186.42589569091797,230400,112,F,Desenfoque de linea blanca
,,,497,1132,,D00,635,0.20620954036712646,"[0.49578380584716797, 0.5573330521583557, 0.7193387746810913, 0.9085233807563782]",D00,18088.78301902223,"(469.07405853271484, 218.72206449508667)",126.42851829528809,143.07518005371094,230400,258,F,Grieta Vertical
,,,498,1133,,D44,636,0.615766167640686,"[0.24810008704662323, 0.6781244874000549, 0.34866246581077576, 0.926104724407196]",D44,5745.595972593355,"(513.3533477783203, 107.41725951433182)",89.2728853225708,64.35992240905762,230400,113,F,Desenfoque de linea blanca
,,,498,1133,,D44,637,0.40174010396003723,"[0.5255564451217651, 0.5928696990013123, 0.7568074464797974, 0.8985100388526917]",D44,16284.587822447793,"(477.24151611328125, 230.82550048828125)",110.03052234649658,148.00064086914062,230400,113,F,Desenfoque de linea blanca
,,,499,1134,,D00,638,0.4462656080722809,"[0.26463252305984497, 0.6731293797492981, 0.35754889249801636, 0.9323559999465942]",D00,5549.505732970101,"(513.7553215026855, 111.99265480041504)",93.32158327102661,59.46647644042969,230400,259,F,Grieta Vertical
,,,500,1135,,D00,639,0.3753831684589386,"[0.2688392698764801, 0.6584407091140747, 0.36173567175865173, 0.9321267604827881]",D00,5857.7931457903105,"(508.9815902709961, 113.50348949432373)",98.52697849273682,59.453697204589844,230400,259,F,Grieta Vertical
,,,501,1137,,D00,640,0.3983909785747528,"[0.2634490132331848, 0.5956563949584961, 0.37121373414993286, 0.7899531722068787]",D00,4824.193069485045,"(443.3950614929199, 114.23929452896118)",69.94683980941772,68.96942138671875,230400,260,F,Grieta Vertical
,,,501,1137,,D00,641,0.30180492997169495,"[0.40869560837745667, 0.6210542321205139, 0.43171635270118713, 0.7211352586746216]",D00,530.8277124000597,"(429.50063705444336, 151.27415299415588)",36.02916955947876,14.7332763671875,230400,260,F,Grieta Vertical
,,,502,1138,,D00,642,0.652189314365387,"[0.2044779360294342, 0.6951636672019958, 0.32059788703918457, 0.9149651527404785]",D00,5880.577013590801,"(515.2412223815918, 94.51364815235138)",79.12853479385376,74.31676864624023,230400,260,F,Grieta Vertical
,,,503,1139,,D00,643,0.6855486035346985,"[0.23868589103221893, 0.613839864730835, 0.36047762632369995, 0.8343585729598999]",D00,6187.934854530113,"(463.42350006103516, 107.8494331240654)",79.38673496246338,77.94671058654785,230400,260,F,Grieta Vertical
,,,504,1140,,D00,644,0.5623123049736023,"[0.18828997015953064, 0.7415269613265991, 0.30094632506370544, 0.9312476515769958]",D00,4924.394821673559,"(535.2878761291504, 88.0625331401825)",68.29944849014282,72.10006713867188,230400,260,F,Grieta Vertical
,,,504,1140,,D44,645,0.34556081891059875,"[0.29257792234420776, 0.6350914835929871, 0.36618679761886597, 0.750828206539154]",D44,1962.8352009312948,"(443.49430084228516, 118.57764959335327)",41.66522026062012,47.10968017578125,230400,114,F,Desenfoque de linea blanca
,,,505,1141,,D00,646,0.6290073394775391,"[0.1828760802745819, 0.6940945386886597, 0.33207061886787415, 0.9406517744064331]",D00,8475.262391750584,"(523.1188201904297, 92.69040584564209)",88.76060485839844,95.48450469970703,230400,260,F,Grieta Vertical
,,,506,1142,,D00,647,0.30890750885009766,"[0.1964622437953949, 0.7624759078025818, 0.32326191663742065, 0.9040717482566833]",D00,4136.672158933652,"(533.2952499389648, 93.5503488779068)",50.97450256347656,81.15179061889648,230400,260,F,Grieta Vertical
,,,507,1145,,D00,648,0.4355789124965668,"[0.2337927371263504, 0.6621649265289307, 0.37640586495399475, 0.934648871421814]",D00,8953.295077783196,"(510.9804153442383, 109.83574837446213)",98.09422016143799,91.27240180969238,230400,261,F,Grieta Vertical
,,,508,1146,,D44,649,0.5184212327003479,"[0.2652931809425354, 0.7023419141769409, 0.3719629645347595, 0.9195860028266907]",D44,5339.146734249698,"(519.0169334411621, 114.70610618591309)",78.20787191390991,68.26866149902344,230400,115,F,Desenfoque de linea blanca
,,,509,1148,,D44,650,0.3833902180194855,"[0.25235694646835327, 0.7208479046821594, 0.3615662157535553, 0.9487131834030151]",D44,5733.504134685745,"(534.2595481872559, 110.50616919994354)",82.03150033950806,69.8939323425293,230400,116,F,Desenfoque de linea blanca
,,,510,1149,,D00,651,0.624801754951477,"[0.2217675745487213, 0.6650712490081787, 0.34987616539001465, 0.9153193235397339]",D00,7386.3770547420245,"(505.72498321533203, 102.89587318897247)",90.08930683135986,81.98949813842773,230400,262,F,Grieta Vertical
,,,511,1150,,D00,652,0.493516206741333,"[0.21057644486427307, 0.628568708896637, 0.3616045117378235, 0.8908994793891907]",D00,9128.28882791564,"(486.22982025146484, 102.99257218837738)",94.43907737731934,96.65796279907227,230400,262,F,Grieta Vertical
,,,512,1151,,D00,653,0.36124637722969055,"[0.17029015719890594, 0.6051041483879089, 0.36644938588142395, 0.9212601780891418]",D00,14288.699042961662,"(488.43658447265625, 96.61311775445938)",113.81617069244385,125.54190635681152,230400,262,F,Grieta Vertical
,,,513,1152,,D00,654,0.4048827886581421,"[0.16938593983650208, 0.6197043657302856, 0.36191144585609436, 0.922117292881012]",D00,13414.395300839351,"(493.38293075561523, 95.63352942466736)",108.86865377426147,123.21632385253906,230400,262,F,Grieta Vertical
,,,514,1153,,D00,655,0.4749393165111542,"[0.1756916046142578, 0.7310028076171875, 0.29716071486473083, 0.9334431886672974]",D00,5665.594283118389,"(532.6227188110352, 85.11341750621796)",72.87853717803955,77.74023056030273,230400,262,F,Grieta Vertical
,,,515,1154,,D00,656,0.3381193280220032,"[0.20496025681495667, 0.6585110425949097, 0.35316285490989685, 0.9312520623207092]",D00,9312.98174909034,"(508.72419357299805, 100.46216011047363)",98.18676710128784,94.84966278076172,230400,262,F,Grieta Vertical
,,,516,1155,,D00,657,0.5330166816711426,"[0.2613329291343689, 0.7767143845558167, 0.3302016854286194, 0.9274593591690063]",D00,2391.9249989879972,"(545.3355979919434, 106.47623062133789)",54.26819086074829,44.07600402832031,230400,262,F,Grieta Vertical
,,,517,1156,,D00,658,0.2670036554336548,"[0.3320401608943939, 0.6099942922592163, 0.44036346673965454, 0.9322830438613892]",D00,8043.582645570677,"(493.52874755859375, 139.03265297412872)",116.02395057678223,69.3269157409668,230400,262,F,Grieta Vertical
,,,518,1159,,D00,659,0.2215849757194519,"[0.4994261860847473, 0.5829458832740784, 0.5714132189750671, 0.9289413690567017]",D00,5738.616210801229,"(483.8039207458496, 192.7510929107666)",124.55837488174438,46.07170104980469,230400,263,F,Grieta Vertical
,,,519,1160,,D00,660,0.3495683968067169,"[0.5441162586212158, 0.6755311489105225, 0.6204305291175842, 0.9308766722679138]",D00,4489.691291028339,"(514.0505027770996, 209.618421792984)",91.92438840866089,48.84113311767578,230400,263,F,Grieta Vertical
,,,519,1160,,D00,661,0.2686854898929596,"[0.6320029497146606, 0.7182771563529968, 0.7417309880256653, 0.8811894655227661]",D00,4118.6414826811415,"(511.82931900024414, 247.27210879325867)",58.64843130111694,70.22594451904297,230400,263,F,Grieta Vertical
,,,519,1160,,D00,662,0.2141193300485611,"[0.385563462972641, 0.6802695393562317, 0.45195311307907104, 0.9342437982559204]",D00,3884.834807283505,"(516.6442680358887, 150.75298368930817)",91.43073320388794,42.489376068115234,230400,263,F,Grieta Vertical
,,,520,1161,,D00,663,0.3642762303352356,"[0.5012089014053345, 0.5935591459274292, 0.6274471282958984, 0.9155022501945496]",D00,9363.807738391733,"(482.8996467590332, 203.15808534622192)",115.89951753616333,80.79246520996094,230400,263,F,Grieta Vertical
,,,520,1161,,D20,664,0.3588673770427704,"[0.38994359970092773, 0.7317286729812622, 0.5148345232009888, 0.9189152121543884]",D20,5386.268101043424,"(528.2060432434082, 162.86006212234497)",67.38715410232544,79.93019104003906,230400,29,F,Piel de cocodrilo
,,,521,1162,,D00,665,0.3249903917312622,"[0.5409759879112244, 0.6929037570953369, 0.6484484076499939, 0.9189443588256836]",D00,5597.137250419473,"(515.7913970947266, 214.0963912010193)",81.3746166229248,68.7823486328125,230400,263,F,Grieta Vertical
,,,521,1162,,D44,666,0.21630671620368958,"[0.5286476612091064, 0.6331004500389099, 0.582512617111206, 0.7342202663421631]",D44,1254.9460483591247,"(437.54262924194336, 200.00885009765625)",36.40313386917114,34.47357177734375,230400,117,F,Desenfoque de linea blanca
,,,522,1163,,D00,667,0.46678733825683594,"[0.5128223299980164, 0.6143015623092651, 0.6524906158447266, 0.9140002727508545]",D00,9644.176548367795,"(489.0565872192383, 209.75633025169373)",107.89153575897217,89.38770294189453,230400,263,F,Grieta Vertical
,,,523,1164,,D00,668,0.6029470562934875,"[0.5881688594818115, 0.7619621157646179, 0.6754075288772583, 0.9190676212310791]",D00,3157.787577967065,"(537.929515838623, 227.44374990463257)",56.557981967926025,55.83274841308594,230400,263,F,Grieta Vertical
,,,524,1165,,D44,669,0.21246996521949768,"[0.20334510505199432, 0.546173095703125, 0.4086105227470398, 0.9433091878890991]",D44,18781.81766653411,"(476.6343307495117, 110.15201300382614)",142.96899318695068,131.3698673248291,230400,118,F,Desenfoque de linea blanca
,,,525,1169,,D00,670,0.24533258378505707,"[0.573283851146698, 0.7012951374053955, 0.699442982673645, 0.8994576334953308]",D00,5760.00193718437,"(512.2408866882324, 229.09083008766174)",71.33849859237671,80.7418441772461,230400,264,F,Grieta Vertical
,,,525,1169,,D44,671,0.24357867240905762,"[0.5268166661262512, 0.6169511675834656, 0.5843251347541809, 0.7007337808609009]",D44,1110.1155349781038,"(421.65918350219727, 200.00552415847778)",30.16174077987671,36.805419921875,230400,119,F,Desenfoque de linea blanca
,,,526,1170,,D44,672,0.255433052778244,"[0.619908332824707, 0.7650718092918396, 0.7258302569389343, 0.9150802493095398]",D44,3660.8676710511645,"(537.6486587524414, 242.23294615745544)",54.00303840637207,67.79003143310547,230400,119,F,Desenfoque de linea blanca
,,,527,1171,,D00,673,0.577009916305542,"[0.5932450294494629, 0.7212151288986206, 0.7077676653862, 0.9059151411056519]",D00,4873.497351666447,"(520.6816864013672, 234.1822850704193)",66.49200439453125,73.29448699951172,230400,265,F,Grieta Vertical
,,,527,1171,,D44,674,0.4293844699859619,"[0.53163743019104, 0.6278620362281799, 0.6005967855453491, 0.7298553586006165]",D44,1620.4939225914131,"(434.46956634521484, 203.80215883255005)",36.71759605407715,44.13398742675781,230400,119,F,Desenfoque de linea blanca
,,,528,1172,,D00,675,0.3252226710319519,"[0.5183680653572083, 0.612959623336792, 0.7118323445320129, 0.9067506790161133]",D00,13095.492437377106,"(486.3072967529297, 221.43607378005981)",105.76478004455566,123.817138671875,230400,265,F,Grieta Vertical
,,,529,1173,,D00,676,0.4164063036441803,"[0.61320960521698, 0.779341459274292, 0.7074373364448547, 0.9144636392593384]",D00,2933.51188805118,"(542.0176315307617, 237.71644949913025)",48.6439847946167,60.305747985839844,230400,265,F,Grieta Vertical
,,,529,1173,,D44,677,0.21802504360675812,"[0.5429633855819702, 0.6518222689628601, 0.6320899724960327, 0.7876966595649719]",D44,2790.148765454069,"(460.64605712890625, 211.50960445404053)",48.914780616760254,57.041015625,230400,120,F,Desenfoque de linea blanca
,,,530,1174,,D00,678,0.2438330501317978,"[0.5233868360519409, 0.6382354497909546, 0.6637531518936157, 0.8939617872238159]",D00,8270.29183084087,"(490.30311584472656, 213.6851978302002)",92.06148147583008,89.83444213867188,230400,265,F,Grieta Vertical
,,,531,1176,,D00,679,0.27486106753349304,"[0.5382767915725708, 0.6590107679367065, 0.6732935905456543, 0.8989582657814026]",D00,7464.25568576833,"(498.5500907897949, 218.08266878128052)",86.38109922409058,86.41075134277344,230400,266,F,Grieta Vertical
,,,532,1178,,D00,680,0.6814066767692566,"[0.5499275922775269, 0.691464900970459, 0.670914888381958, 0.9201205968856812]",D00,6373.885682916807,"(515.7073593139648, 219.75164651870728)",82.31605052947998,77.43186950683594,230400,267,F,Grieta Vertical
,,,533,1179,,D44,681,0.2273099422454834,"[0.6032506227493286, 0.7837287783622742, 0.6873743534088135, 0.9219842553138733]",D44,2679.6825228153466,"(545.8281707763672, 232.31249570846558)",49.771971702575684,53.83918762207031,230400,121,F,Desenfoque de linea blanca
,,,534,1181,,D00,682,0.4918023645877838,"[0.5225816965103149, 0.6252688765525818, 0.5974463224411011, 0.7754479050636292]",D00,2590.4095009063894,"(448.2293701171875, 201.60504341125488)",54.06445026397705,47.913360595703125,230400,268,F,Grieta Vertical
,,,535,1182,,D00,683,0.5495918989181519,"[0.6316410303115845, 0.815220832824707, 0.6991516351699829, 0.9037461876869202]",D00,1376.9626180728665,"(550.0694465637207, 239.54267978668213)",31.86912775039673,43.206787109375,230400,268,F,Grieta Vertical
,,,535,1182,,D44,684,0.2933272123336792,"[0.5470052361488342, 0.6583782434463501, 0.6404224634170532, 0.8170018792152405]",D44,3414.108725621827,"(472.121639251709, 213.73698592185974)",57.10450887680054,59.787025451660156,230400,122,F,Desenfoque de linea blanca
,,,536,1183,,D00,685,0.7586275935173035,"[0.5308297276496887, 0.647404670715332, 0.6865965127944946, 0.9101498126983643]",D00,9429.57298462752,"(498.4174346923828, 219.136723279953)",94.5882511138916,99.69074249267578,230400,268,F,Grieta Vertical
,,,537,1184,,D44,686,0.32583847641944885,"[0.5795846581459045, 0.7208442091941833, 0.7064069509506226, 0.912445068359375]",D44,5598.549564522273,"(522.6525688171387, 231.47848963737488)",68.976309299469,81.16626739501953,230400,123,F,Desenfoque de linea blanca
,,,538,1185,,D00,687,0.6867324113845825,"[0.5483397245407104, 0.6775254011154175, 0.7342249155044556, 0.90753573179245]",D00,9850.870481249513,"(507.2195625305176, 230.86163520812988)",82.80371904373169,118.96652221679688,230400,269,F,Grieta Vertical
,,,539,1186,,D00,689,0.2366260141134262,"[0.5125810503959656, 0.614489734172821, 0.6223850250244141, 0.8201487064361572]",D00,5202.932560707723,"(459.08430099487305, 204.29389357566833)",74.03723001480103,70.27454376220703,230400,269,F,Grieta Vertical
,,,539,1186,,D44,688,0.25335606932640076,"[0.6195083856582642, 0.7807478904724121, 0.7102624773979187, 0.9200789332389832]",D44,2913.376259501365,"(544.2645835876465, 239.35875535011292)",50.159175395965576,58.082618713378906,230400,124,F,Desenfoque de linea blanca
,,,540,1187,,D00,690,0.6177852153778076,"[0.5832957029342651, 0.7401777505874634, 0.6736782789230347, 0.9046807289123535]",D00,3425.633957106038,"(526.3547134399414, 226.25531673431396)",59.22107219696045,57.8448486328125,230400,269,F,Grieta Vertical
,,,540,1187,,D44,691,0.462172269821167,"[0.5296539068222046, 0.6356298923492432, 0.6028088331222534, 0.7453910708427429]",D44,1850.0131407279696,"(441.92670822143555, 203.84329319000244)",39.51402425765991,46.81915283203125,230400,124,F,Desenfoque de linea blanca
,,,541,1188,,D00,692,0.41496390104293823,"[0.5767182111740112, 0.6398140788078308, 0.6502863764762878, 0.7623702883720398]",D00,2077.3406555228576,"(448.6989974975586, 220.86082577705383)",44.120235443115234,47.08362579345703,230400,269,F,Grieta Vertical
,,,542,1189,,D44,693,0.48047417402267456,"[0.5613430738449097, 0.6761379837989807, 0.6950109601020813, 0.8883700966835022]",D44,6536.129569958575,"(500.64258575439453, 226.14372611045837)",76.40356063842773,85.54744720458984,230400,125,F,Desenfoque de linea blanca
,,,543,1190,,D00,694,0.6728251576423645,"[0.534794807434082, 0.6706143021583557, 0.6801078915596008, 0.9204782843589783]",D00,8365.479751401108,"(509.1496276855469, 218.68248581886292)",89.95103359222412,93.00037384033203,230400,270,F,Grieta Vertical
,,,543,1190,,D00,695,0.2527787387371063,"[0.18714390695095062, 0.663158655166626, 0.33541545271873474, 0.921962320804596]",D00,8841.189785359235,"(507.238712310791, 94.06068474054337)",93.16931962966919,94.89378929138184,230400,270,F,Grieta Vertical
,,,544,1191,,D00,697,0.43180373311042786,"[0.7232979536056519, 0.742838442325592, 0.8646831512451172, 0.8774494528770447]",D00,4384.9737979235215,"(518.4921264648438, 285.8365988731384)",48.45996379852295,90.48652648925781,230400,270,F,Grieta Vertical
,,,544,1191,,D44,696,0.7333235144615173,"[0.5760176777839661, 0.7150489687919617, 0.705717921257019, 0.9196367859840393]",D44,6113.684667210146,"(523.0994415283203, 230.71240782737732)",73.65161418914795,83.0081558227539,230400,126,F,Desenfoque de linea blanca
,,,545,1192,,D44,698,0.207461416721344,"[0.5059145092964172, 0.5973344445228577, 0.5590143203735352, 0.6860463619232178]",D44,1085.3190268987419,"(410.68185806274414, 191.68718934059143)",31.93629026412964,33.98387908935547,230400,126,F,Desenfoque de linea blanca
,,,546,1193,,D44,699,0.6656318306922913,"[0.575196385383606, 0.7241696715354919, 0.6908870935440063, 0.9194779396057129]",D44,5205.969064540841,"(525.9672355651855, 227.89502620697021)",70.31097650527954,74.04205322265625,230400,126,F,Desenfoque de linea blanca
,,,547,1195,,D44,700,0.39491331577301025,"[0.5872701406478882, 0.7542762160301208, 0.6892342567443848, 0.9249044060707092]",D44,4008.4882741171896,"(537.3377990722656, 229.77079153060913)",61.426148414611816,65.25703430175781,230400,127,F,Desenfoque de linea blanca
,,,548,1197,,D44,701,0.6770160794258118,"[0.5488418340682983, 0.6953560709953308, 0.6633880734443665, 0.8909177780151367]",D44,5161.1577074111665,"(507.6076316833496, 218.20138335227966)",70.40221452713013,73.3095932006836,230400,128,F,Desenfoque de linea blanca
,,,549,1199,,D44,702,0.3586674630641937,"[0.5314890146255493, 0.6696908473968506, 0.6433390378952026, 0.858160674571991]",D44,4856.913689510475,"(488.9124870300293, 211.46904945373535)",67.84913778305054,71.58401489257812,230400,129,F,Desenfoque de linea blanca
,,,550,1203,,D00,703,0.556491494178772,"[0.5761746168136597, 0.7520750164985657, 0.6698228120803833, 0.9209833741188049]",D00,3644.458642161044,"(535.3786849975586, 224.27953720092773)",60.80700874328613,59.934844970703125,230400,271,F,Grieta Vertical
,,,551,1204,,D44,704,0.21225734055042267,"[0.0, 0.6487757563591003, 0.1923050731420517, 0.9241463541984558]",D44,12200.869545677051,"(503.33507537841797, 34.614913165569305)",99.13341522216797,123.07524681091309,230400,130,F,Desenfoque de linea blanca
,,,552,1210,,D00,706,0.23120664060115814,"[0.4313499331474304, 0.6225700974464417, 0.45860785245895386, 0.7197403907775879]",D00,610.2512674784521,"(429.53935623168945, 160.19240140914917)",34.98130559921265,17.445068359375,230400,272,F,Grieta Vertical
,,,552,1210,,D44,705,0.2383454442024231,"[0.6147621273994446, 0.79132080078125, 0.6994056701660156, 0.9298031330108643]",D44,2700.664752497323,"(550.7596588134766, 236.55020356178284)",49.85363960266113,54.17186737060547,230400,131,F,Desenfoque de linea blanca
,,,553,1211,,D00,707,0.23332583904266357,"[0.4243992865085602, 0.7279330492019653, 0.4891428053379059, 0.9568108320236206]",D00,3414.148540815222,"(539.1180419921875, 164.4375765323639)",82.3960018157959,41.43585205078125,230400,272,F,Grieta Vertical
,,,554,1213,,D00,708,0.5496439933776855,"[0.5805642008781433, 0.7214351892471313, 0.691443920135498, 0.9071183800697327]",D00,4743.590415948256,"(521.1371421813965, 228.96146178245544)",66.84594869613647,70.96302032470703,230400,273,F,Grieta Vertical
,,,554,1213,,D00,709,0.44140705466270447,"[0.7180808782577515, 0.7071337103843689, 0.8737896084785461, 0.854981541633606]",D00,5304.084035262804,"(499.87688064575195, 286.53668761253357)",53.22521924972534,99.6535873413086,230400,273,F,Grieta Vertical
,,,554,1213,,D44,710,0.21046529710292816,"[0.529744565486908, 0.6302956938743591, 0.5902313590049744, 0.7296520471572876]",D44,1384.6457608087803,"(435.18327713012695, 201.59566640853882)",35.76828718185425,38.7115478515625,230400,132,F,Desenfoque de linea blanca
,,,555,1214,,D44,711,0.3090951144695282,"[0.6287007927894592, 0.8036643266677856, 0.7044015526771545, 0.9225696325302124]",D44,2073.8815507502295,"(552.3948669433594, 239.95842218399048)",42.80591011047363,48.448486328125,230400,132,F,Desenfoque de linea blanca
,,,556,1215,,D00,712,0.5587773323059082,"[0.5738130807876587, 0.6934953331947327, 0.666317343711853, 0.8729049563407898]",D00,3823.754100625956,"(501.2480926513672, 223.2234764099121)",64.58746433258057,59.202728271484375,230400,274,F,Grieta Vertical
,,,557,1216,,D44,713,0.4384467899799347,"[0.5934370160102844, 0.7651002407073975, 0.6897602081298828, 0.9219263792037964]",D44,3480.4210792926824,"(539.848518371582, 230.9755003452301)",56.45740985870361,61.64684295654297,230400,133,F,Desenfoque de linea blanca
,,,558,1217,,D00,714,0.49296170473098755,"[0.5305461287498474, 0.6630098819732666, 0.676188588142395, 0.9189844131469727]",D00,8589.487164363163,"(506.23817443847656, 217.21224904060364)",92.15083122253418,93.21117401123047,230400,275,F,Grieta Vertical
,,,559,1219,,D00,715,0.3705899119377136,"[0.5740994811058044, 0.5919888615608215, 0.7240396738052368, 0.7694699764251709]",D00,6131.301710577554,"(435.6668281555176, 233.66504788398743)",63.89320135116577,95.96172332763672,230400,276,F,Grieta Vertical
,,,560,1220,,D00,716,0.22365298867225647,"[0.6670014262199402, 0.6812288165092468, 0.8553468585014343, 0.8557701706886292]",D00,7574.184991621587,"(491.8396759033203, 274.0226912498474)",62.83488750457764,120.54107666015625,230400,276,F,Grieta Vertical
,,,561,1222,,D00,717,0.3133052587509155,"[0.5962197184562683, 0.7341154217720032, 0.7252295613288879, 0.8844577074050903]",D00,4468.754222584721,"(517.9434013366699, 237.86087036132812)",54.12322282791138,82.56629943847656,230400,277,F,Grieta Vertical
,,,562,1223,,D44,718,0.4435773193836212,"[0.5264852643013, 0.6456778645515442, 0.6750879287719727, 0.9219816327095032]",D44,9460.103305319353,"(501.65103912353516, 216.2831747531891)",99.46935653686523,95.10570526123047,230400,134,F,Desenfoque de linea blanca
,,,562,1223,,D44,719,0.20104189217090607,"[0.5765976309776306, 0.7470877766609192, 0.677406370639801, 0.927518367767334]",D44,4190.741103960136,"(535.873966217041, 225.7207202911377)",64.95501279830933,64.51759338378906,230400,134,F,Desenfoque de linea blanca
,,,563,1224,,D00,720,0.2453276515007019,"[0.6068153381347656, 0.7940043210983276, 0.6712415814399719, 0.9212921261787415]",D00,1889.435543016134,"(548.8948631286621, 230.05024552345276)",45.823609828948975,41.23279571533203,230400,278,F,Grieta Vertical
,,,564,1227,,D00,721,0.2538297772407532,"[0.6438726186752319, 0.6755252480506897, 0.7725801467895508, 0.828930139541626]",D00,4549.101554175832,"(481.425724029541, 254.9614977836609)",55.22576093673706,82.37281799316406,230400,279,F,Grieta Vertical
,,,564,1227,,D20,722,0.22029879689216614,"[0.6229400038719177, 0.6672142148017883, 0.7706331610679626, 0.8313156962394714]",D20,5584.127821995935,"(479.5295715332031, 250.84316968917847)",59.07653331756592,94.52362060546875,230400,30,F,Piel de cocodrilo
,,,565,1230,,D00,723,0.3975302278995514,"[0.5688263773918152, 0.6880894303321838, 0.6940138936042786, 0.9192778468132019]",D00,6668.214597815313,"(514.3575286865234, 227.31124877929688)",83.2278299331665,80.12001037597656,230400,280,F,Grieta Vertical
,,,566,1231,,D44,724,0.3084435760974884,"[0.5338269472122192, 0.6416440010070801, 0.62049400806427, 0.7805159091949463]",D44,2773.0068750854116,"(455.09117126464844, 207.77777194976807)",49.993886947631836,55.4669189453125,230400,135,F,Desenfoque de linea blanca
,,,567,1232,,D44,725,0.22145363688468933,"[0.5985368490219116, 0.7334718704223633, 0.7102397680282593, 0.9242114424705505]",D44,4908.940869382059,"(530.4586601257324, 235.57979106903076)",68.66624593734741,71.4898681640625,230400,135,F,Desenfoque de linea blanca
,,,568,1234,,D00,726,0.2301446795463562,"[0.22299392521381378, 0.7116644978523254, 0.33246535062789917, 0.9302253127098083]",D00,5512.588172262758,"(525.4047393798828, 99.98266965150833)",78.68189334869385,70.06171226501465,230400,281,F,Grieta Vertical
,,,569,1235,,D00,727,0.2948378324508667,"[0.6398023366928101, 0.6354508399963379, 0.8271331787109375, 0.7961426377296448]",D00,6935.622860110925,"(458.10991287231445, 264.04839277267456)",57.84904718399048,119.89173889160156,230400,281,F,Grieta Vertical
,,,570,1236,,D00,728,0.5344904065132141,"[0.5785380601882935, 0.7245696783065796, 0.666165828704834, 0.8970984816551208]",D00,3483.2595553370993,"(518.9338111877441, 224.04670000076294)",62.11036920547485,56.08177185058594,230400,281,F,Grieta Vertical
,,,570,1236,,D00,730,0.22916272282600403,"[0.42184001207351685, 0.6265943050384521, 0.44348764419555664, 0.7226709127426147]",D00,479.19307601969194,"(431.7648696899414, 155.75897812843323)",34.587578773498535,13.854484558105469,230400,281,F,Grieta Vertical
,,,570,1236,,D44,729,0.2787347733974457,"[0.5306276082992554, 0.6354241967201233, 0.5920003652572632, 0.7389618754386902]",D44,1464.0520992747042,"(439.8035430908203, 202.07303524017334)",37.27356433868408,39.278564453125,230400,136,F,Desenfoque de linea blanca
,,,571,1237,,D00,732,0.23131217062473297,"[0.4038521647453308, 0.7626849412918091, 0.43932580947875977, 0.9432802200317383]",D00,1476.0282835710314,"(545.9088516235352, 151.7720353603363)",65.01430034637451,22.70313262939453,230400,281,F,Grieta Vertical
,,,571,1237,,D20,733,0.22085335850715637,"[0.5258913040161133, 0.5571889281272888, 0.6975715756416321, 0.6984688639640808]",D20,5588.346875834031,"(401.8104934692383, 220.22331833839417)",50.86077690124512,109.87537384033203,230400,31,F,Piel de cocodrilo
,,,571,1237,,D44,731,0.32382965087890625,"[0.6089135408401489, 0.7771146893501282, 0.7023404240608215, 0.9254035353660583]",D44,3191.999546801344,"(544.8058319091797, 236.02571368217468)",53.38398456573486,59.79320526123047,230400,136,F,Desenfoque de linea blanca
,,,572,1239,,D00,734,0.355746328830719,"[0.5759130120277405, 0.5898098349571228, 0.7463755011558533, 0.7832561731338501]",D00,7597.519330941759,"(439.3811225891113, 238.01193237304688)",69.64068174362183,109.09599304199219,230400,282,F,Grieta Vertical
,,,573,1240,,D00,735,0.5597706437110901,"[0.6346417665481567, 0.6404531002044678, 0.8513506650924683, 0.88746577501297]",D00,12333.276215247679,"(488.9340400695801, 267.4786376953125)",88.92456293106079,138.69369506835938,230400,282,F,Grieta Vertical
,,,573,1240,,D00,736,0.5436482429504395,"[0.5102463364601135, 0.6241637468338013, 0.6535710692405701, 0.9199622869491577]",D00,9767.864844030555,"(494.1203308105469, 209.48713302612305)",106.48747444152832,91.72782897949219,230400,282,F,Grieta Vertical
,,,574,1244,,D00,737,0.6120196580886841,"[0.6809470057487488, 0.7290006875991821, 0.8258843421936035, 0.8878355026245117]",D00,5304.0602936407595,"(517.387580871582, 271.2296426296234)",57.18053340911865,92.75989532470703,230400,283,F,Grieta Vertical
,,,574,1244,,D00,738,0.5000271797180176,"[0.3118038773536682, 0.5812362432479858, 0.41688719391822815, 0.8198718428611755]",D00,5777.65330738016,"(448.35458755493164, 131.16439282894135)",85.90881586074829,67.25332260131836,230400,283,F,Grieta Vertical
,,,574,1244,,D00,739,0.44475945830345154,"[0.08496204018592834, 0.6668214797973633, 0.266195148229599, 0.8465494513511658]",D00,7504.740607583244,"(484.2786979675293, 63.20829391479492)",64.7020697593689,115.98918914794922,230400,283,F,Grieta Vertical
,,,574,1244,,D00,740,0.3277038037776947,"[0.5388747453689575, 0.5454302430152893, 0.6235508918762207, 0.6932850480079651]",D00,2884.556189805153,"(396.3888931274414, 209.23661470413208)",53.22772979736328,54.19273376464844,230400,283,F,Grieta Vertical
,,,575,1245,,D00,741,0.5398545265197754,"[0.5551465749740601, 0.5706886053085327, 0.7708184123039246, 0.8775654435157776]",D00,15248.95292854335,"(463.4412956237793, 238.67369771003723)",110.47566175460815,138.02997589111328,230400,283,F,Grieta Vertical
,,,575,1245,,D00,742,0.2539215385913849,"[0.26361116766929626, 0.6118885278701782, 0.3856523931026459, 0.9381380677223206]",D00,9173.581894799281,"(496.0085105895996, 116.86744093894958)",117.44983434677124,78.10638427734375,230400,283,F,Grieta Vertical
,,,576,1246,,D00,743,0.45471683144569397,"[0.5786608457565308, 0.6158701777458191, 0.7964301109313965, 0.8895010948181152]",D00,13729.16822168645,"(481.718807220459, 247.5163722038269)",98.50713014602661,139.37232971191406,230400,283,F,Grieta Vertical
,,,576,1246,,D00,744,0.3234241306781769,"[0.18025203049182892, 0.7191531658172607, 0.3069644570350647, 0.9056413173675537]",D00,5444.436373516874,"(519.9342346191406, 87.69896775484085)",67.13573455810547,81.0959529876709,230400,283,F,Grieta Vertical
,,,577,1247,,D00,745,0.26462072134017944,"[0.6537238955497742, 0.7453345656394958, 0.7797832489013672, 0.914501965045929]",D00,4913.31063798043,"(531.1476898193359, 258.03128600120544)",60.90026378631592,80.67798614501953,230400,283,F,Grieta Vertical
,,,578,1249,,D00,746,0.3203565776348114,"[0.21853065490722656, 0.5753635764122009, 0.4287315905094147, 0.9229943752288818]",D00,16835.8623334047,"(479.4745445251465, 116.50720417499542)",125.14708757400513,134.5285987854004,230400,284,F,Grieta Vertical
,,,579,1250,,D00,747,0.32817280292510986,"[0.5257463455200195, 0.7713384628295898, 0.6319369077682495, 0.8716238141059875]",D00,2453.6120457143625,"(525.7479286193848, 208.38298559188843)",36.102726459503174,67.96195983886719,230400,284,F,Grieta Vertical
,,,579,1250,,D00,748,0.30256402492523193,"[0.22123146057128906, 0.575344443321228, 0.41187208890914917, 0.9411163330078125]",D00,16066.018455131962,"(485.26744842529297, 113.95863890647888)",131.6778802871704,122.01000213623047,230400,284,F,Grieta Vertical
,,,580,1251,,D00,749,0.4268455505371094,"[0.3186580240726471, 0.559174120426178, 0.4337746202945709, 0.7881357669830322]",D00,6072.718560075009,"(431.13916397094727, 135.43787598609924)",82.42619276046753,73.67462158203125,230400,284,F,Grieta Vertical
,,,581,1252,,D00,750,0.6692182421684265,"[0.2402603179216385, 0.5718022584915161, 0.4220837652683258, 0.9354002475738525]",D00,15231.891415282234,"(482.30480194091797, 119.22193497419357)",130.8952760696411,116.36700630187988,230400,284,F,Grieta Vertical
,,,582,1254,,D00,751,0.2424897849559784,"[0.2917092740535736, 0.724562406539917, 0.3764086365699768, 0.9487870931625366]",D00,4375.684919203468,"(535.4718399047852, 120.26122391223907)",80.72088718414307,54.20759201049805,230400,285,F,Grieta Vertical
,,,583,1255,,D00,752,0.3379097282886505,"[0.34370121359825134, 0.5245344638824463, 0.44084468483924866, 0.7816190719604492]",D00,5754.030619698096,"(417.96913146972656, 141.21826171875)",92.55045890808105,62.17182159423828,230400,285,F,Grieta Vertical
,,,584,1256,,D00,753,0.27766069769859314,"[0.2886766791343689, 0.5194090008735657, 0.4410494863986969, 0.9332104325294495]",D00,14527.200566339707,"(464.83821868896484, 131.35070979595184)",148.96851539611816,97.51859664916992,230400,285,F,Grieta Vertical
,,,585,1257,,D00,754,0.4841560125350952,"[0.3058273196220398, 0.5207868814468384, 0.443311870098114, 0.9441714882850647]",D00,13411.317277357739,"(468.786678314209, 134.84505414962769)",152.41845846176147,87.9901123046875,230400,285,F,Grieta Vertical
,,,586,1258,,D00,755,0.5378901362419128,"[0.32216334342956543, 0.5158429741859436, 0.43849363923072815, 0.9496591091156006]",D00,11627.35702264722,"(468.96066665649414, 136.91825687885284)",156.1738085746765,74.45138931274414,230400,285,F,Grieta Vertical
,,,587,1259,,D00,756,0.27720165252685547,"[0.32770562171936035, 0.5065118670463562, 0.42281609773635864, 0.9452983140945435]",D00,9615.32648030834,"(464.5792579650879, 135.09390950202942)",157.9631209373474,60.870704650878906,230400,285,F,Grieta Vertical
,,,588,1260,,D00,757,0.40788576006889343,"[0.30868926644325256, 0.5066558122634888, 0.4068843722343445, 0.9429624080657959]",D00,9871.066905329371,"(463.8778305053711, 128.80325496196747)",157.07037448883057,62.84486770629883,230400,285,F,Grieta Vertical
,,,589,1261,,D00,758,0.35932889580726624,"[0.2630738317966461, 0.5225016474723816, 0.3943106532096863, 0.9419440627098083]",D00,12682.665064297362,"(468.6226272583008, 118.32920730113983)",150.99926948547363,83.9915657043457,230400,285,F,Grieta Vertical
,,,590,1262,,D00,759,0.20591197907924652,"[0.19662173092365265, 0.5039799809455872, 0.3781428933143616, 0.9373509883880615]",D00,18124.648477606774,"(461.2259101867676, 103.45763236284256)",156.01356267929077,116.17354393005371,230400,285,F,Grieta Vertical
,,,591,1263,,D00,760,0.3578086793422699,"[0.182815819978714, 0.5384039878845215, 0.3484190106391907, 0.9065826535224915]",D00,14047.847830140972,"(462.39572525024414, 95.62226951122284)",132.5443196296692,105.98604202270508,230400,285,F,Grieta Vertical
,,,592,1264,,D00,761,0.2515934407711029,"[0.3970557153224945, 0.5404930114746094, 0.5293612480163574, 0.7370865941047668]",D00,5992.800462507557,"(408.8254737854004, 166.75505340099335)",70.77368974685669,84.67554092407227,230400,285,F,Grieta Vertical
,,,592,1264,,D20,762,0.2192344218492508,"[0.24099215865135193, 0.6385406851768494, 0.5332480669021606, 0.8571387529373169]",D20,14719.467302831754,"(478.6174201965332, 139.36324059963226)",78.69530439376831,187.04378128051758,230400,32,F,Piel de cocodrilo
,,,593,1265,,D00,763,0.30094894766807556,"[0.3667599558830261, 0.5547955632209778, 0.5341469049453735, 0.9023865461349487]",D00,13405.17753251761,"(466.2982749938965, 162.16323494911194)",125.13275384902954,107.12764739990234,230400,285,F,Grieta Vertical
,,,594,1266,,D00,764,0.27737054228782654,"[0.4335745871067047, 0.6246639490127563, 0.5305218696594238, 0.7655816078186035]",D00,3147.6289731651377,"(444.87857818603516, 173.53736221790314)",50.73035717010498,62.046260833740234,230400,285,F,Grieta Vertical
,,,594,1266,,D00,765,0.21679501235485077,"[0.02138422057032585, 0.5935514569282532, 0.20298664271831512, 0.8175284266471863]",D00,9371.464751537304,"(451.5455627441406, 40.386755391955376)",80.63170909881592,116.22555017471313,230400,285,F,Grieta Vertical
,,,595,1267,,D00,766,0.342702180147171,"[0.2539135217666626, 0.5620303750038147, 0.3094680607318878, 0.9408694505691528]",D00,4849.051434634248,"(480.9279441833496, 101.40868484973907)",136.38206720352173,35.55490493774414,230400,285,F,Grieta Vertical
,,,595,1267,,D00,767,0.30892708897590637,"[0.3975933790206909, 0.6683833599090576, 0.5740811228752136, 0.9129758477210999]",D00,9945.809588208886,"(506.0349464416504, 174.90141034126282)",88.0532956123352,112.95215606689453,230400,285,F,Grieta Vertical
,,,596,1268,,D20,768,0.7112297415733337,"[0.155406191945076, 0.632393479347229, 0.4805689752101898, 0.9372568130493164]",D20,22839.600407512764,"(502.28809356689453, 114.47553008794785)",109.75080013275146,208.10418128967285,230400,33,F,Piel de cocodrilo
,,,597,1269,,D20,769,0.23571625351905823,"[0.1632068157196045, 0.695603609085083, 0.46066713333129883, 0.8880053758621216]",D20,13186.227606808097,"(506.75487518310547, 112.2973108291626)",69.26463603973389,190.37460327148438,230400,33,F,Piel de cocodrilo
,,,598,1270,,D20,770,0.432587206363678,"[0.1589064747095108, 0.7778096795082092, 0.4243640899658203, 0.9311233758926392]",D20,9376.885607809687,"(546.8585777282715, 104.9887016415596)",55.192930698394775,169.8928737640381,230400,33,F,Piel de cocodrilo
,,,599,1279,,D00,771,0.3106192350387573,"[0.3519189953804016, 0.6360152959823608, 0.7034734487533569, 0.9316465854644775]",D00,23945.586364529845,"(501.6518020629883, 189.97063994407654)",106.42726421356201,224.9948501586914,230400,286,F,Grieta Vertical
,,,600,1280,,D00,772,0.6158170700073242,"[0.7173663377761841, 0.6900018453598022, 0.8414179086685181, 0.8843811750411987]",D00,5555.649299552897,"(503.8025665283203, 280.5811643600464)",69.97655868530273,79.39300537109375,230400,286,F,Grieta Vertical
,,,600,1280,,D00,773,0.35042256116867065,"[0.10592053085565567, 0.7389315962791443, 0.15118911862373352, 0.906600296497345]",D00,1748.7648626197597,"(526.5702056884766, 46.279736906290054)",60.360732078552246,28.971896171569824,230400,286,F,Grieta Vertical
,,,601,1281,,D00,774,0.4795536696910858,"[0.2495156228542328, 0.7347615361213684, 0.31030479073524475, 0.926297664642334]",D00,2682.62135929499,"(531.5389442443848, 100.76767444610596)",68.95300626754761,38.905067443847656,230400,286,F,Grieta Vertical
,,,601,1281,,D00,775,0.2439313530921936,"[0.14058741927146912, 0.8571136593818665, 0.2259499579668045, 0.9348652958869934]",D00,1529.1825591846646,"(573.4332656860352, 65.97672790288925)",27.990589141845703,54.63202476501465,230400,286,F,Grieta Vertical
,,,602,1282,,D00,776,0.3709399998188019,"[0.4661150872707367, 0.781858503818512, 0.5241631269454956, 0.9285246133804321]",D00,1961.5519058210793,"(547.3225975036621, 178.2500785589218)",52.79979944229126,37.1507453918457,230400,286,F,Grieta Vertical
,,,603,1286,,D10,777,0.3129240572452545,"[0.12107014656066895, 0.6902086138725281, 0.4205220639705658, 0.8099836707115173]",D10,8263.72694668371,"(480.06153106689453, 97.48659789562225)",43.11902046203613,191.64922714233398,230400,362,F,Grieta e Intervalo Lineal Transversal
,,,603,1286,,D44,778,0.25445640087127686,"[0.0, 0.5401375889778137, 0.11857594549655914, 0.9264397621154785]",D44,10553.735906420912,"(469.3047523498535, 21.343670189380646)",139.06878232955933,75.88860511779785,230400,137,F,Desenfoque de linea blanca
,,,604,1287,,D00,779,0.4371602237224579,"[0.12873852252960205, 0.5680983066558838, 0.23685312271118164, 0.8826487064361572]",D00,7835.325859399745,"(464.2390441894531, 65.80649614334106)",113.23814392089844,69.19334411621094,230400,287,F,Grieta Vertical
,,,605,1288,,D00,780,0.3675149381160736,"[0.19765393435955048, 0.5744849443435669, 0.3239051103591919, 0.8725555539131165]",D00,8670.358653485324,"(463.0529594421387, 93.88062804937363)",107.30541944503784,80.80075263977051,230400,287,F,Grieta Vertical
,,,605,1288,,D10,781,0.3074711263179779,"[0.35415229201316833, 0.7158851027488708, 0.6290851831436157, 0.783614456653595]",D10,4290.284640020673,"(479.83985900878906, 176.98274552822113)",24.382567405700684,175.95705032348633,230400,363,F,Grieta e Intervalo Lineal Transversal
,,,606,1289,,D00,782,0.5788760185241699,"[0.27855411171913147, 0.5782662034034729, 0.3821443021297455, 0.8067598342895508]",D00,5453.498587645754,"(443.2083320617676, 118.92571449279785)",82.25770711898804,66.29772186279297,230400,287,F,Grieta Vertical
,,,607,1290,,D00,783,0.6469199061393738,"[0.25411611795425415, 0.5528234839439392, 0.41712743043899536, 0.9329500794410706]",D00,14276.721079835988,"(475.4475402832031, 120.82383871078491)",136.84557437896729,104.32723999023438,230400,287,F,Grieta Vertical
,,,608,1291,,D00,784,0.31712979078292847,"[0.29169827699661255, 0.555027425289154, 0.4455442428588867, 0.9402658939361572]",D00,13655.205341867895,"(478.4938621520996, 132.70365357398987)",138.68584871292114,98.46141815185547,230400,287,F,Grieta Vertical
,,,608,1291,,D10,785,0.2913111746311188,"[0.36580556631088257, 0.6939610838890076, 0.5226622819900513, 0.738584578037262]",D10,1612.6835867651607,"(458.41461181640625, 159.9242126941681)",16.064457893371582,100.38829803466797,230400,364,F,Grieta e Intervalo Lineal Transversal
,,,608,1291,,D10,786,0.24543175101280212,"[0.36455005407333374, 0.7384692430496216, 0.7547158598899841, 0.8238232135772705]",D10,7672.827039107506,"(499.93358612060547, 201.46786451339722)",30.727429389953613,249.70611572265625,230400,364,F,Grieta e Intervalo Lineal Transversal
,,,609,1292,,D00,787,0.4054737985134125,"[0.32401928305625916, 0.5589529871940613, 0.45077985525131226, 0.9271240234375]",D00,10752.669209056648,"(475.5446434020996, 139.46384489536285)",132.54157304763794,81.12676620483398,230400,287,F,Grieta Vertical
,,,609,1292,,D10,788,0.23221749067306519,"[0.26884961128234863, 0.7418584227561951, 0.38471198081970215, 0.7854541540145874]",D10,1163.7745287116559,"(488.7400245666504, 117.64108657836914)",15.69446325302124,74.15191650390625,230400,364,F,Grieta e Intervalo Lineal Transversal
,,,610,1293,,D10,789,0.26979494094848633,"[0.38190293312072754, 0.7831832766532898, 0.5272756814956665, 0.8345070481300354]",D10,1719.0323058912327,"(517.6609039306641, 163.65215063095093)",18.476557731628418,93.03855895996094,230400,364,F,Grieta e Intervalo Lineal Transversal
,,,611,1295,,D00,790,0.34474605321884155,"[0.028237152844667435, 0.6366714239120483, 0.2768600881099701, 0.8834047317504883]",D00,14133.556044866407,"(486.4243698120117, 54.917503371834755)",88.82399082183838,159.1186785697937,230400,288,F,Grieta Vertical
,,,611,1295,,D10,791,0.27165520191192627,"[0.430610328912735, 0.6780620813369751, 0.550756573677063, 0.7196769118309021]",D10,1151.9690366244959,"(447.2764778137207, 176.64604246616364)",14.98133897781372,76.89359664916992,230400,365,F,Grieta e Intervalo Lineal Transversal
,,,612,1296,,D00,792,0.4805822968482971,"[0.02888658083975315, 0.7449679970741272, 0.17183944582939148, 0.8938636183738708]",D00,4904.076821578115,"(524.4261169433594, 36.13068480044603)",53.602423667907715,91.48983359336853,230400,288,F,Grieta Vertical
,,,612,1296,,D00,793,0.3032482862472534,"[0.40099650621414185, 0.53997403383255, 0.45894843339920044, 0.9327298402786255]",D00,5244.124238593213,"(471.2652397155762, 154.7900891304016)",141.39209032058716,37.0892333984375,230400,288,F,Grieta Vertical
,,,612,1296,,D00,794,0.2932148873806,"[0.23346714675426483, 0.618003785610199, 0.30046001076698303, 0.6911749839782715]",D00,1129.4088518983472,"(418.93720626831055, 96.10688835382462)",26.341631412506104,42.87543296813965,230400,288,F,Grieta Vertical
,,,613,1297,,D00,795,0.5550366044044495,"[0.11757960170507431, 0.6853503584861755, 0.23094625771045685, 0.8257942795753479]",D00,3668.349931813623,"(483.5662841796875, 62.73465469479561)",50.55981159210205,72.55465984344482,230400,288,F,Grieta Vertical
,,,613,1297,,D10,797,0.25520336627960205,"[0.3431357443332672, 0.6760214567184448, 0.44214949011802673, 0.71036696434021]",D10,783.516063861498,"(443.64429473876953, 141.3513422012329)",12.36438274383545,63.368797302246094,230400,366,F,Grieta e Intervalo Lineal Transversal
,,,613,1297,,D44,796,0.3774513602256775,"[0.5653703212738037, 0.7106548547744751, 0.6824555993080139, 0.9264751672744751]",D44,5822.065450251102,"(523.8816070556641, 224.60866570472717)",77.6953125,74.93457794189453,230400,138,F,Desenfoque de linea blanca
,,,614,1298,,D00,799,0.3287985026836395,"[0.4411299228668213, 0.727135956287384, 0.4748760759830475, 0.9324743747711182]",D00,1596.5295461673577,"(531.0753059387207, 164.88107979297638)",73.92183065414429,21.597537994384766,230400,288,F,Grieta Vertical
,,,614,1298,,D10,798,0.40893691778182983,"[0.33383649587631226, 0.7083826661109924, 0.4598624110221863, 0.7502266764640808]",D10,1214.9982024471683,"(466.75498962402344, 142.86580324172974)",15.063843727111816,80.65658569335938,230400,366,F,Grieta e Intervalo Lineal Transversal
,,,615,1299,,D00,800,0.37950941920280457,"[0.1734078824520111, 0.6194817423820496, 0.3403192460536957, 0.8023951053619385]",D00,7034.1854598013015,"(455.0005912780762, 92.47088313102722)",65.84881067276001,106.82327270507812,230400,288,F,Grieta Vertical
,,,616,1300,,D00,801,0.33862385153770447,"[0.11090843379497528, 0.6123436689376831, 0.34458115696907043, 0.89771968126297]",D00,15364.129519552647,"(483.220272064209, 81.98812633752823)",102.73536443710327,149.5505428314209,230400,288,F,Grieta Vertical
,,,617,1301,,D00,802,0.5541001558303833,"[0.12587995827198029, 0.6456460952758789, 0.3186449408531189, 0.9025211930274963]",D00,11408.607070529775,"(495.4135322570801, 80.01448184251785)",92.47503519058228,123.36958885192871,230400,288,F,Grieta Vertical
,,,618,1302,,D00,803,0.406431645154953,"[0.11916818469762802, 0.6005938649177551, 0.3614066541194916, 0.9302139282226562]",D00,18396.6703777652,"(489.85849380493164, 86.50347098708153)",118.6632227897644,155.03262042999268,230400,288,F,Grieta Vertical
,,,619,1303,,D00,804,0.5529725551605225,"[0.1455696076154709, 0.5937079191207886, 0.36855989694595337, 0.927424430847168]",D00,17145.340762573367,"(486.7623519897461, 92.54331082105637)",120.13794422149658,142.7137851715088,230400,288,F,Grieta Vertical
,,,619,1303,,D00,805,0.2863077223300934,"[0.5599614381790161, 0.7807556986808777, 0.610802173614502, 0.9020044207572937]",D00,1420.2718159052893,"(538.4832382202148, 210.73745012283325)",43.649539947509766,32.53807067871094,230400,288,F,Grieta Vertical
,,,620,1304,,D00,806,0.4970759451389313,"[0.18730980157852173, 0.6744773387908936, 0.33296704292297363, 0.9298965334892273]",D00,8571.722177936044,"(513.3996391296387, 93.64983201026917)",91.95091009140015,93.22063446044922,230400,288,F,Grieta Vertical
,,,620,1304,,D00,807,0.34661367535591125,"[0.6215571165084839, 0.7951343059539795, 0.7006600499153137, 0.8947433233261108]",D00,1815.4058038058793,"(540.7608413696289, 237.99908995628357)",35.859246253967285,50.625877380371094,230400,288,F,Grieta Vertical
,,,620,1304,,D00,808,0.2129868119955063,"[0.46974581480026245, 0.5521364212036133, 0.5715856552124023, 0.7308233380317688]",D00,4192.691810346241,"(410.54712295532227, 187.43966460227966)",64.32729005813599,65.17749786376953,230400,288,F,Grieta Vertical
,,,620,1304,,D00,809,0.20171603560447693,"[0.4774882197380066, 0.5607585310935974, 0.7016634941101074, 0.9017344117164612]",D00,17611.398511003972,"(467.99774169921875, 212.24730849266052)",122.75131702423096,143.47217559814453,230400,288,F,Grieta Vertical
,,,621,1305,,D00,810,0.26195451617240906,"[0.466986745595932, 0.5520626902580261, 0.66923588514328, 0.9027499556541443]",D00,16341.395944683427,"(465.54004669189453, 204.52007353305817)",126.24741554260254,129.43944931030273,230400,288,F,Grieta Vertical
,,,622,1306,,D00,811,0.6408087611198425,"[0.4773939251899719, 0.5718419551849365, 0.6932099461555481, 0.9029757976531982]",D00,16465.302901680116,"(471.9416809082031, 210.7086968421936)",119.20818328857422,138.12225341796875,230400,288,F,Grieta Vertical
,,,622,1306,,D00,812,0.40185078978538513,"[0.24879510700702667, 0.596013069152832, 0.36529505252838135, 0.8955208659172058]",D00,8039.264718244726,"(477.2908592224121, 110.53622871637344)",107.82280683517456,74.55996513366699,230400,288,F,Grieta Vertical
,,,623,1307,,D00,813,0.6203330159187317,"[0.5032179355621338, 0.6067944169044495, 0.7075148820877075, 0.8939765095710754]",D00,13517.665834433137,"(480.24669647216797, 217.93190717697144)",103.38555335998535,130.7500457763672,230400,288,F,Grieta Vertical
,,,623,1307,,D00,814,0.3625949025154114,"[0.26161080598831177, 0.6400566697120667, 0.35186702013015747, 0.9278604984283447]",D00,5984.889752553863,"(501.73349380493164, 110.42600870132446)",103.60937833786011,57.76397705078125,230400,288,F,Grieta Vertical
,,,624,1308,,D00,815,0.41070693731307983,"[0.538524329662323, 0.6407271027565002, 0.7131713032722473, 0.8819240927696228]",D00,9705.444330151295,"(487.2483825683594, 225.30521392822266)",86.83091640472412,111.77406311035156,230400,288,F,Grieta Vertical
,,,624,1308,,D00,816,0.27499014139175415,"[0.2228536605834961, 0.652246356010437, 0.3100453317165375, 0.9369982481002808]",D00,5720.369663141901,"(508.5582733154297, 95.92181861400604)",102.51068115234375,55.802669525146484,230400,288,F,Grieta Vertical
,,,624,1308,,D00,817,0.2445417046546936,"[0.4238082468509674, 0.6009164452552795, 0.4666716158390045, 0.7483677268028259]",D00,1456.187601883721,"(431.77093505859375, 160.28637528419495)",53.0824613571167,27.43255615234375,230400,288,F,Grieta Vertical
,,,625,1309,,D00,818,0.4385886490345001,"[0.5244475603103638, 0.6187744140625, 0.7083072066307068, 0.8785234093666077]",D00,11003.295377359336,"(479.13530349731445, 221.8958580493927)",93.50963830947876,117.67017364501953,230400,288,F,Grieta Vertical
,,,625,1309,,D00,819,0.4332844018936157,"[0.4565805494785309, 0.7756049036979675, 0.5005905032157898, 0.9353675246238708]",D00,1619.9759360775715,"(547.5111770629883, 172.29078948497772)",57.514543533325195,28.166370391845703,230400,288,F,Grieta Vertical
,,,625,1309,,D10,820,0.30729010701179504,"[0.35252803564071655, 0.7481183409690857, 0.6125427484512329, 0.8115276098251343]",D10,3798.683788292419,"(499.0867042541504, 173.7127411365509)",22.82733678817749,166.40941619873047,230400,367,F,Grieta e Intervalo Lineal Transversal
,,,625,1309,,D10,821,0.2590022087097168,"[0.10806701332330704, 0.8378260135650635, 0.24360492825508118, 0.9024636149406433]",D10,2018.4988531132262,"(556.8926811218262, 63.30094948410988)",23.26953649520874,86.74426555633545,230400,367,F,Grieta e Intervalo Lineal Transversal
,,,626,1310,,D00,822,0.6069791913032532,"[0.5712399482727051, 0.6886486411094666, 0.7391150593757629, 0.8664572834968567]",D00,6877.358345287757,"(497.63389587402344, 235.86390137672424)",64.01111125946045,107.44007110595703,230400,288,F,Grieta Vertical
,,,627,1311,,D44,823,0.40275606513023376,"[0.6254345178604126, 0.7563364505767822, 0.7521478533744812, 0.9135033488273621]",D44,4588.4486960020695,"(534.3487358093262, 247.96482682228088)",56.58008337020874,81.0965347290039,230400,139,F,Desenfoque de linea blanca
,,,628,1312,,D00,825,0.21292586624622345,"[0.5655471086502075, 0.6795125603675842, 0.7240398526191711, 0.8943410515785217]",D00,7844.833625410683,"(503.6331558227539, 232.12565302848816)",77.3382568359375,101.43535614013672,230400,289,F,Grieta Vertical
,,,628,1312,,D10,824,0.2546895146369934,"[0.38721007108688354, 0.8721488118171692, 0.5484293103218079, 0.9331870079040527]",D10,2267.2584662168447,"(577.707462310791, 168.41508865356445)",21.973750591278076,103.18031311035156,230400,368,F,Grieta e Intervalo Lineal Transversal
,,,629,1313,,D44,826,0.499729186296463,"[0.5911919474601746, 0.7527235150337219, 0.7097229957580566, 0.923095166683197]",D44,4652.773740346493,"(536.2619781494141, 234.16468977928162)",61.333794593811035,75.85987091064453,230400,140,F,Desenfoque de linea blanca
,,,630,1314,,D00,827,0.4934345781803131,"[0.43242311477661133, 0.7191643714904785, 0.4574206471443176, 0.8208230137825012]",D00,585.495982345401,"(492.7959632873535, 160.1718771457672)",36.597111225128174,15.998420715332031,230400,290,F,Grieta Vertical
,,,630,1314,,D10,828,0.21351651847362518,"[0.2970910966396332, 0.8212544918060303, 0.6435022354125977, 0.8943876624107361]",D10,5836.986987552837,"(549.0054893493652, 169.30679976940155)",26.327941417694092,221.70312881469727,230400,369,F,Grieta e Intervalo Lineal Transversal
,,,631,1315,,D44,829,0.5326166152954102,"[0.5872505307197571, 0.7634224891662598, 0.6895805597305298, 0.9246956706047058]",D44,3802.311782842935,"(540.197811126709, 229.82959628105164)",58.058345317840576,65.49121856689453,230400,141,F,Desenfoque de linea blanca
,,,632,1316,,D00,830,0.5327685475349426,"[0.5695654153823853, 0.7087149620056152, 0.6725385785102844, 0.900714635848999]",D00,4555.195484585056,"(515.0174713134766, 223.57871890068054)",69.11988258361816,65.90282440185547,230400,291,F,Grieta Vertical
,,,633,1317,,D00,832,0.2129247486591339,"[0.2771050035953522, 0.5909685492515564, 0.3821756839752197, 0.7961730360984802]",D00,4967.648651521813,"(443.8853073120117, 118.67052376270294)",73.87361526489258,67.24523544311523,230400,291,F,Grieta Vertical
,,,633,1317,,D44,831,0.47792643308639526,"[0.6021812558174133, 0.7544533610343933, 0.7033008337020874, 0.9215262532234192]",D44,3892.4560129826205,"(536.3134765625, 234.98677611351013)",60.146241188049316,64.7165298461914,230400,142,F,Desenfoque de linea blanca
,,,634,1318,,D00,833,0.6062473654747009,"[0.5746820569038391, 0.6951388716697693, 0.6916292309761047, 0.8968014121055603]",D00,5433.722316334024,"(509.42089080810547, 227.9360318183899)",72.59851455688477,74.84619140625,230400,291,F,Grieta Vertical
,,,634,1318,,D00,834,0.5486441850662231,"[0.21048708260059357, 0.6980808973312378, 0.3330784738063812, 0.9290860295295715]",D00,6524.753018542992,"(520.693416595459, 97.84180015325546)",83.16184759140015,78.4584903717041,230400,291,F,Grieta Vertical
,,,634,1318,,D44,835,0.31778427958488464,"[0.5287920832633972, 0.6107759475708008, 0.5824862718582153, 0.701481282711029]",D44,1122.1284952110182,"(419.92231369018555, 200.03010392189026)",32.65392065048218,34.364280700683594,230400,142,F,Desenfoque de linea blanca
,,,635,1319,,D10,837,0.2713208794593811,"[0.3934391140937805, 0.8250132203102112, 0.5429298281669617, 0.8755988478660583]",D10,1742.3035972216894,"(544.1958618164062, 168.5464096069336)",18.21082592010498,95.67405700683594,230400,370,F,Grieta e Intervalo Lineal Transversal
,,,635,1319,,D44,836,0.3094632625579834,"[0.6277399063110352, 0.7771696448326111, 0.7211087942123413, 0.9199654459953308]",D44,3071.8506589146273,"(543.0832290649414, 242.79276609420776)",51.4064884185791,59.75608825683594,230400,142,F,Desenfoque de linea blanca
,,,636,1320,,D00,838,0.3517853319644928,"[0.5908678770065308, 0.7150665521621704, 0.6784297227859497, 0.8560425043106079]",D00,2844.083999376744,"(502.75489807128906, 228.47356796264648)",50.7513427734375,56.039581298828125,230400,292,F,Grieta Vertical
,,,636,1320,,D44,839,0.2744094431400299,"[0.537824273109436, 0.6282491683959961, 0.5994230508804321, 0.725481390953064]",D44,1379.9545504065463,"(433.1937789916992, 204.70451831817627)",35.003600120544434,39.4232177734375,230400,142,F,Desenfoque de linea blanca
,,,637,1322,,D00,840,0.4713062345981598,"[0.6160213351249695, 0.7379360795021057, 0.7131684422492981, 0.8859192132949829]",D00,3312.261124109682,"(519.6336936950684, 239.25415992736816)",53.27392816543579,62.17414855957031,230400,293,F,Grieta Vertical
,,,638,1327,,D10,841,0.4889368414878845,"[0.34346288442611694, 0.7902721762657166, 0.46239763498306274, 0.8314498662948608]",D10,1128.3743905061783,"(518.9510536193848, 145.05489349365234)",14.823968410491943,76.11824035644531,230400,371,F,Grieta e Intervalo Lineal Transversal
,,,639,1331,,D00,842,0.45560523867607117,"[0.6137908101081848, 0.757509171962738, 0.7071601152420044, 0.8971778154373169]",D00,3004.5920694231427,"(529.4998359680176, 237.77116656303406)",50.28071165084839,59.75635528564453,230400,294,F,Grieta Vertical
,,,640,1333,,D00,843,0.28431910276412964,"[0.6237212419509888, 0.7797650098800659, 0.699809730052948, 0.8917607665061951]",D00,1963.3738280871512,"(534.8882484436035, 238.23557496070862)",40.318472385406494,48.696632385253906,230400,295,F,Grieta Vertical
,,,641,1335,,D44,844,0.2454751878976822,"[0.558355450630188, 0.6622578501701355, 0.6770808100700378, 0.8383700847625732]",D44,4817.430916702233,"(480.2009391784668, 222.37852692604065)",63.40040445327759,75.9842300415039,230400,143,F,Desenfoque de linea blanca
,,,642,1336,,D00,845,0.30483683943748474,"[0.574008584022522, 0.6946202516555786, 0.6988582611083984, 0.8993989825248718]",D00,5890.535060679213,"(510.08615493774414, 229.11603212356567)",73.72034311294556,79.90379333496094,230400,296,F,Grieta Vertical
,,,643,1337,,D44,846,0.23089054226875305,"[0.5651537179946899, 0.6697614789009094, 0.6836909651756287, 0.8449864983558655]",D44,4785.567308563259,"(484.71935272216797, 224.79204297065735)",63.08100700378418,75.86383819580078,230400,144,F,Desenfoque de linea blanca
,,,644,1340,,D44,847,0.3178338408470154,"[0.0, 0.720210611820221, 0.08426998555660248, 0.8994847536087036]",D44,3480.751719748855,"(518.3025169372559, 15.168597400188446)",64.53869104385376,53.932790756225586,230400,145,F,Desenfoque de linea blanca
,,,645,1341,,D44,848,0.536737859249115,"[0.5501831769943237, 0.65509033203125, 0.6428154706954956, 0.7932671308517456]",D44,2949.0356300608255,"(463.4743881225586, 214.73975658416748)",49.74364757537842,59.28466796875,230400,145,F,Desenfoque de linea blanca
,,,646,1342,,D44,849,0.257735013961792,"[0.00018775463104248047, 0.7061187028884888, 0.12212181091308594, 0.9478055238723755]",D44,6789.854461242794,"(529.2557525634766, 22.015721797943115)",87.00725555419922,78.03779602050781,230400,145,F,Desenfoque de linea blanca
,,,647,1346,,D00,850,0.34271496534347534,"[0.5694720149040222, 0.7695487141609192, 0.6427572965621948, 0.9142481684684753]",D00,2443.239996989905,"(538.8150024414062, 218.20127606391907)",52.091803550720215,46.90258026123047,230400,297,F,Grieta Vertical
,,,648,1347,,D44,851,0.3090003430843353,"[0.00025289057521149516, 0.6721475124359131, 0.1394193470478058, 0.8914949893951416]",D44,7033.146878504414,"(500.3656005859375, 25.14100277214311)",78.96509170532227,89.06653214246035,230400,146,F,Desenfoque de linea blanca
,,,649,1348,,D00,852,0.3212583363056183,"[0.5264314413070679, 0.680476188659668, 0.6342124938964844, 0.9119361042976379]",D00,5747.787265471015,"(509.5719337463379, 208.9159083366394)",83.32556962966919,68.97987365722656,230400,298,F,Grieta Vertical
,,,649,1348,,D10,853,0.26097559928894043,"[0.2926417887210846, 0.8008089065551758, 0.4462979733943939, 0.8726164102554321]",D10,2542.1568882038628,"(535.4961013793945, 133.00915718078613)",25.850701332092285,98.33995819091797,230400,372,F,Grieta e Intervalo Lineal Transversal
,,,650,1350,,D00,854,0.48618778586387634,"[0.5030709505081177, 0.6454840898513794, 0.6194165945053101, 0.9120471477508545]",D00,7145.4990268051915,"(498.40999603271484, 202.047758102417)",95.96270084381104,74.46121215820312,230400,299,F,Grieta Vertical
,,,651,1351,,D00,855,0.4718457758426666,"[0.5680128931999207, 0.8063981533050537, 0.6200226545333862, 0.9228366613388062]",D00,1395.2883485630082,"(553.3551406860352, 213.84639859199524)",41.91786289215088,33.28624725341797,230400,299,F,Grieta Vertical
,,,652,1353,,D00,856,0.23759838938713074,"[0.5562480688095093, 0.8073343634605408, 0.6052324175834656, 0.9231981039047241]",D00,1307.6374745486646,"(553.7703895568848, 209.06648755073547)",41.710946559906006,31.34998321533203,230400,300,F,Grieta Vertical
,,,653,1354,,D00,857,0.3240666687488556,"[0.5015102624893188, 0.6268063187599182, 0.6102936863899231, 0.9092074632644653]",D00,7078.017810275469,"(491.52441024780273, 200.12471079826355)",101.66441202163696,69.62139129638672,230400,300,F,Grieta Vertical
,,,654,1355,,D00,858,0.5771767497062683,"[0.5655895471572876, 0.7713026404380798, 0.6328215599060059, 0.9201734662055969]",D00,2306.047162962568,"(541.2723541259766, 215.71399927139282)",53.59349727630615,43.02848815917969,230400,300,F,Grieta Vertical
,,,655,1357,,D00,859,0.2517731487751007,"[0.5626980066299438, 0.690703272819519, 0.665739893913269, 0.8968058824539185]",D00,4893.051311020099,"(508.0029296875, 221.11882209777832)",74.19693946838379,65.94680786132812,230400,301,F,Grieta Vertical
,,,656,1360,,D00,860,0.4503200948238373,"[0.6048747301101685, 0.7490077614784241, 0.6942569017410278, 0.8898680806159973]",D00,2900.828441348858,"(524.4402694702148, 233.84369373321533)",50.70971488952637,57.20458984375,230400,302,F,Grieta Vertical
,,,656,1360,,D10,861,0.371461421251297,"[0.40094488859176636, 0.7239428758621216, 0.6017918586730957, 0.7773893475532532]",D10,2473.2430619215847,"(480.4263114929199, 180.49261450767517)",19.240729808807373,128.54206085205078,230400,373,F,Grieta e Intervalo Lineal Transversal
,,,657,1361,,D44,862,0.4156292974948883,"[0.5953702330589294, 0.7607928514480591, 0.6921085119247437, 0.9201728105545044]",D44,3552.34013099398,"(537.9090118408203, 231.74617409706116)",57.37678527832031,61.912498474121094,230400,147,F,Desenfoque de linea blanca
,,,658,1362,,D00,863,0.477176696062088,"[0.5705434083938599, 0.7001858353614807, 0.6765438914299011, 0.8928741216659546]",D00,4705.931848011551,"(509.7791862487793, 224.47571396827698)",69.3677830696106,67.8403091430664,230400,303,F,Grieta Vertical
,,,659,1366,,D44,864,0.4583031237125397,"[0.5762656927108765, 0.7531958818435669, 0.6795042157173157, 0.9285262823104858]",D44,4170.4362045693415,"(538.1510925292969, 226.03858351707458)",63.11894416809082,66.0726547241211,230400,148,F,Desenfoque de linea blanca
,,,660,1367,,D00,865,0.29688215255737305,"[0.5719354748725891, 0.7234545946121216, 0.6719808578491211, 0.8977798223495483]",D00,4018.2760331048485,"(518.7950134277344, 223.90493988990784)",62.75708198547363,64.02904510498047,230400,304,F,Grieta Vertical
,,,660,1367,,D44,866,0.22462302446365356,"[0.510351836681366, 0.6279187798500061, 0.5671061277389526, 0.7352696061134338]",D44,1403.73965699182,"(436.2202835083008, 193.94243359565735)",38.646297454833984,36.32274627685547,230400,148,F,Desenfoque de linea blanca
,,,661,1369,,D44,867,0.663694441318512,"[0.54132479429245, 0.691645622253418, 0.6686388254165649, 0.9249632358551025]",D44,6843.94120394245,"(517.3148345947266, 217.79345154762268)",83.99434089660645,81.4809799194336,230400,149,F,Desenfoque de linea blanca
,,,662,1371,,D44,868,0.32774049043655396,"[0.5913478136062622, 0.7728643417358398, 0.6819995641708374, 0.9261395931243896]",D44,3201.331934960035,"(543.6812591552734, 229.20252799987793)",55.17909049987793,58.017120361328125,230400,150,F,Desenfoque de linea blanca
,,,663,1372,,D00,869,0.30513995885849,"[0.5775168538093567, 0.7233076095581055, 0.6788981556892395, 0.8970038294792175]",D00,4057.2400682227453,"(518.4996604919434, 226.15470170974731)",62.53063917160034,64.884033203125,230400,305,F,Grieta Vertical
,,,664,1374,,D00,870,0.4787500202655792,"[0.6248899698257446, 0.7634518146514893, 0.698032796382904, 0.8923054933547974]",D00,2171.456011618102,"(529.8423385620117, 238.12609791755676)",46.38732433319092,46.81140899658203,230400,306,F,Grieta Vertical
,,,664,1374,,D44,871,0.22129106521606445,"[0.5559108853340149, 0.6381497979164124, 0.6428497433662415, 0.7719049453735352]",D44,2679.2109563568374,"(451.2175178527832, 215.77691316604614)",48.15185308456421,55.640869140625,230400,151,F,Desenfoque de linea blanca
,,,665,1375,,D00,872,0.5813367366790771,"[0.5495495796203613, 0.6315163373947144, 0.7011831998825073, 0.8796564936637878]",D00,8669.120308414676,"(483.5753059387207, 225.13190031051636)",89.33045625686646,97.04551696777344,230400,306,F,Grieta Vertical
,,,666,1376,,D00,873,0.3294055163860321,"[0.649690568447113, 0.7827324867248535, 0.7214792966842651, 0.891495406627655]",D00,1798.9520714913851,"(535.7529258728027, 246.81057572364807)",39.154651165008545,45.944786071777344,230400,306,F,Grieta Vertical
,,,667,1377,,D44,874,0.3127685487270355,"[0.0002486705780029297, 0.6911585330963135, 0.1287975311279297, 0.9160893559455872]",D44,6661.924065753192,"(514.3193244934082, 23.22831630706787)",80.97509622573853,82.27127075195312,230400,152,F,Desenfoque de linea blanca
,,,668,1378,,D44,875,0.22298532724380493,"[0.572296142578125, 0.6526930332183838, 0.7075601816177368, 0.8440766930580139]",D44,5964.440103035486,"(478.96631240844727, 230.37413835525513)",68.89811754226685,86.56898498535156,230400,152,F,Desenfoque de linea blanca
,,,669,1380,,D00,876,0.38865751028060913,"[0.6215254068374634, 0.7784301042556763, 0.7021756768226624, 0.9064455628395081]",D00,2378.760490843797,"(539.160213470459, 238.26619505882263)",46.08556509017944,51.616172790527344,230400,307,F,Grieta Vertical
,,,670,1383,,D00,877,0.5435289144515991,"[0.5268598794937134, 0.6624221205711365, 0.6501712203025818, 0.8985386490821838]",D00,6708.290853388644,"(499.5074462890625, 211.86559796333313)",85.00195026397705,78.91925811767578,230400,308,F,Grieta Vertical
,,,670,1383,,D10,878,0.263770192861557,"[0.3149471879005432, 0.740192174911499, 0.46637457609176636, 0.7838070392608643]",D10,1521.6733427878353,"(487.67974853515625, 140.63791751861572)",15.701351165771484,96.91352844238281,230400,374,F,Grieta e Intervalo Lineal Transversal
,,,671,1384,,D00,879,0.2571506202220917,"[0.24430973827838898, 0.7968997359275818, 0.3022976219654083, 0.863842248916626]",D00,894.3793129556298,"(531.4374351501465, 98.38932484388351)",24.099304676055908,37.11224555969238,230400,308,F,Grieta Vertical
,,,672,1385,,D00,880,0.4548744559288025,"[0.5382499694824219, 0.7243369221687317, 0.6342325210571289, 0.9196606278419495]",D00,4319.462627376197,"(526.079216003418, 211.04684829711914)",70.3165340423584,61.4288330078125,230400,308,F,Grieta Vertical
,,,673,1386,,D00,882,0.22751319408416748,"[0.3786572515964508, 0.8167684674263, 0.4071657061576843, 0.9417065978050232]",D00,820.6371101646255,"(562.7120208740234, 141.44813239574432)",44.97772693634033,18.245410919189453,230400,308,F,Grieta Vertical
,,,673,1386,,D44,881,0.24670124053955078,"[0.508332371711731, 0.6804993748664856, 0.6048150062561035, 0.887593686580658]",D44,4603.623504384814,"(501.78977966308594, 200.3665280342102)",74.55395221710205,61.74888610839844,230400,153,F,Desenfoque de linea blanca
,,,674,1387,,D00,883,0.2562772035598755,"[0.49246644973754883, 0.6637352705001831, 0.6040040254592896, 0.9314412474632263]",D00,6879.5771159066135,"(510.456485748291, 197.3646855354309)",96.37415170669556,71.38404846191406,230400,308,F,Grieta Vertical
,,,675,1388,,D44,884,0.5186530351638794,"[0.4559594988822937, 0.6860865354537964, 0.5482692718505859, 0.9271754026412964]",D44,5127.519420348108,"(516.2438201904297, 180.76117873191833)",86.7919921875,59.07825469970703,230400,154,F,Desenfoque de linea blanca
,,,676,1389,,D00,885,0.28107258677482605,"[0.41158169507980347, 0.6173962950706482, 0.4905714988708496, 0.9397681951522827]",D00,5866.927058348938,"(498.2926368713379, 162.38757491111755)",116.05388402938843,50.55347442626953,230400,309,F,Grieta Vertical
,,,677,1391,,D00,886,0.5305372476577759,"[0.5659092664718628, 0.6582897901535034, 0.7481684684753418, 0.8534130454063416]",D00,8193.717226299668,"(483.7449073791504, 236.53399229049683)",70.24437189102173,116.64588928222656,230400,310,F,Grieta Vertical
,,,678,1392,,D00,890,0.22826820611953735,"[0.29268699884414673, 0.6876258254051208, 0.36026063561439514, 0.9384072422981262]",D00,3904.407330936465,"(520.3305816650391, 117.53057420253754)",90.28131008148193,43.247127532958984,230400,310,F,Grieta Vertical
,,,678,1392,,D10,888,0.3548395335674286,"[0.4285021722316742, 0.7460686564445496, 0.6829258799552917, 0.8611353635787964]",D10,6745.120880173681,"(514.3052864074707, 200.05704939365387)",41.42401456832886,162.83117294311523,230400,375,F,Grieta e Intervalo Lineal Transversal
,,,678,1392,,D10,889,0.3423054814338684,"[0.14977507293224335, 0.7990685105323792, 0.3082793354988098, 0.8718702793121338]",D10,2658.6756112842295,"(534.7004127502441, 82.44979351758957)",26.20863676071167,101.44272804260254,230400,375,F,Grieta e Intervalo Lineal Transversal
,,,678,1392,,D44,887,0.42216581106185913,"[0.2999595105648041, 0.6687615513801575, 0.3607066571712494, 0.8300319910049438]",D44,2257.1640666254098,"(479.6139335632324, 118.91991019248962)",58.057358264923096,38.878173828125,230400,155,F,Desenfoque de linea blanca
,,,679,1393,,D00,891,0.4902786612510681,"[0.24974417686462402, 0.7778521776199341, 0.3153933882713318, 0.944810152053833]",D00,2525.335916462609,"(551.2519454956055, 101.72476172447205)",60.10487079620361,42.01549530029297,230400,310,F,Grieta Vertical
,,,680,1394,,D44,892,0.30934247374534607,"[0.29145631194114685, 0.657246470451355, 0.35362720489501953, 0.8016715049743652]",D44,2068.7692864180462,"(466.85375213623047, 116.11503303050995)",51.99301242828369,39.789371490478516,230400,156,F,Desenfoque de linea blanca
,,,681,1396,,D00,893,0.3830317258834839,"[0.24908757209777832, 0.7671926021575928, 0.3213893473148346, 0.9420244097709656]",D00,2912.4057726382944,"(546.9494438171387, 102.68584549427032)",62.93945074081421,46.273136138916016,230400,311,F,Grieta Vertical
,,,681,1396,,D44,894,0.2775610685348511,"[0.306001752614975, 0.6392159461975098, 0.3636753559112549, 0.7712765336036682]",D44,1754.8208476730451,"(451.35759353637695, 120.54187953472137)",47.54181146621704,36.91110610961914,230400,157,F,Desenfoque de linea blanca
,,,682,1398,,D00,895,0.5931245684623718,"[0.2786552906036377, 0.757443904876709, 0.34626394510269165, 0.9400363564491272]",D00,2844.2488256628167,"(543.1936836242676, 112.48546242713928)",65.73328256607056,43.26953887939453,230400,312,F,Grieta Vertical
,,,682,1398,,D10,896,0.3404412269592285,"[0.4214400351047516, 0.784427285194397, 0.5320711135864258, 0.8297992944717407]",D10,1156.5053151512984,"(516.5525054931641, 171.63200676441193)",16.33392333984375,70.80389022827148,230400,376,F,Grieta e Intervalo Lineal Transversal
,,,683,1400,,D00,899,0.2080632597208023,"[0.31708940863609314, 0.6325504183769226, 0.3885980248451233, 0.9342257976531982]",D00,4970.278406334137,"(501.3683891296387, 127.02373802661896)",108.60313653945923,45.7655143737793,230400,313,F,Grieta Vertical
,,,683,1400,,D10,897,0.3720022737979889,"[0.23374629020690918, 0.8197050094604492, 0.33984655141830444, 0.8622922897338867]",D10,1041.0673677222803,"(538.2391357421875, 103.24671149253845)",15.3314208984375,67.90416717529297,230400,377,F,Grieta e Intervalo Lineal Transversal
,,,683,1400,,D44,898,0.34910130500793457,"[0.35295218229293823, 0.6326639652252197, 0.39205676317214966, 0.7610453367233276]",D44,1156.677056670378,"(445.98697662353516, 134.10161018371582)",46.21729373931885,25.026931762695312,230400,158,F,Desenfoque de linea blanca
,,,684,1401,,D00,900,0.3143642544746399,"[0.33799490332603455, 0.6054128408432007, 0.420158714056015, 0.9470089673995972]",D00,6466.599818144459,"(496.7749786376953, 136.46765112876892)",122.97460556030273,52.5848388671875,230400,313,F,Grieta Vertical
,,,685,1402,,D00,901,0.4208066761493683,"[0.3966591954231262, 0.7374340295791626, 0.44862595200538635, 0.9276867508888245]",D00,2277.9226039476725,"(532.8386497497559, 152.15132653713226)",68.49097967147827,33.258724212646484,230400,313,F,Grieta Vertical
,,,686,1403,,D00,902,0.2899417579174042,"[0.4280793070793152, 0.7011491656303406, 0.4642418920993805, 0.9454481601715088]",D00,2035.4649201588018,"(526.9111442565918, 160.61781585216522)",87.94763803482056,23.144054412841797,230400,313,F,Grieta Vertical
,,,687,1404,,D00,903,0.23964914679527283,"[0.46765804290771484, 0.6215513348579407, 0.5214194059371948, 0.9345321655273438]",D00,3876.77400396733,"(497.946720123291, 178.03394079208374)",112.67309904098511,34.40727233886719,230400,313,F,Grieta Vertical
,,,688,1406,,D00,904,0.4137122333049774,"[0.5506247282028198, 0.7502056360244751, 0.6237553358078003, 0.9167966842651367]",D00,2806.9412150915014,"(533.4407424926758, 211.38841152191162)",59.972777366638184,46.8035888671875,230400,314,F,Grieta Vertical
,,,689,1407,,D10,905,0.45250967144966125,"[0.2776774764060974, 0.7985426783561707, 0.6103033423423767, 0.8707510232925415]",D10,5533.830895630672,"(534.1739845275879, 159.83654737472534)",25.995004177093506,212.88055419921875,230400,378,F,Grieta e Intervalo Lineal Transversal
,,,690,1408,,D00,906,0.5570183992385864,"[0.5711733102798462, 0.7281607985496521, 0.6588748693466187, 0.8988191485404968]",D00,3448.397574595583,"(520.6335830688477, 221.40867233276367)",61.4370059967041,56.128997802734375,230400,315,F,Grieta Vertical
,,,690,1408,,D44,907,0.4251956343650818,"[0.5221575498580933, 0.6232171058654785, 0.5922633409500122, 0.7262261509895325]",D44,1663.840649789563,"(431.8218421936035, 200.59576034545898)",37.083256244659424,44.867706298828125,230400,159,F,Desenfoque de linea blanca
,,,691,1409,,D44,908,0.30479687452316284,"[0.6200503706932068, 0.7785122394561768, 0.7132993936538696, 0.9200186729431152]",D44,3040.20556768628,"(543.5298919677734, 240.00295758247375)",50.94231605529785,59.67937469482422,230400,159,F,Desenfoque de linea blanca
,,,692,1411,,D44,909,0.3277510702610016,"[0.5646581053733826, 0.7078104615211487, 0.7069516777992249, 0.9188625812530518]",D44,6919.22536351467,"(520.5353736877441, 228.88976097106934)",75.97876310348511,91.06788635253906,230400,160,F,Desenfoque de linea blanca
,,,693,1414,,D00,910,0.2698672413825989,"[0.4622211456298828, 0.6089186668395996, 0.5707483291625977, 0.9259316921234131]",D00,7926.803891075542,"(491.15211486816406, 185.93450546264648)",114.12468910217285,69.4573974609375,230400,316,F,Grieta Vertical
,,,694,1415,,D00,911,0.45758533477783203,"[0.4911509156227112, 0.661496639251709, 0.5953456163406372, 0.9164437055587769]",D00,6120.376306048092,"(504.94091033935547, 195.5693757534027)",91.78094387054443,66.68460845947266,230400,316,F,Grieta Vertical
,,,695,1417,,D00,912,0.5801956057548523,"[0.5304607152938843, 0.6388341188430786, 0.6514558792114258, 0.9092226028442383]",D00,7537.697036498503,"(495.3781509399414, 212.7449870109558)",97.33985424041748,77.43690490722656,230400,317,F,Grieta Vertical
,,,695,1417,,D00,913,0.30455923080444336,"[0.2931077778339386, 0.6064977645874023, 0.3755604922771454, 0.7424725294113159]",D00,2583.1269401491227,"(431.67049407958984, 120.36028861999512)",48.95091533660889,52.769737243652344,230400,317,F,Grieta Vertical
,,,696,1418,,D00,915,0.42767730355262756,"[0.2660398483276367, 0.7307000160217285, 0.3277944028377533, 0.8398803472518921]",D00,1553.4449778552698,"(502.5857162475586, 106.8901652097702)",39.30491924285889,39.52291488647461,230400,317,F,Grieta Vertical
,,,696,1418,,D00,916,0.2663140892982483,"[0.22797270119190216, 0.7266737222671509, 0.32963046431541443, 0.9031970500946045]",D00,4134.520315251621,"(521.5586471557617, 100.36856979131699)",63.5483980178833,65.06096839904785,230400,317,F,Grieta Vertical
,,,696,1418,,D44,914,0.5298908948898315,"[0.5574437379837036, 0.6721359491348267, 0.657124400138855, 0.852628767490387]",D44,4145.274696483466,"(487.92470932006836, 218.62226486206055)",64.97741460800171,63.795623779296875,230400,161,F,Desenfoque de linea blanca
,,,697,1420,,D00,917,0.25561925768852234,"[0.6337477564811707, 0.7715240716934204, 0.7027407884597778, 0.8898752927780151]",D00,1881.3103674616286,"(531.6477966308594, 240.56793808937073)",42.6064395904541,44.155540466308594,230400,318,F,Grieta Vertical
,,,698,1422,,D00,919,0.23809832334518433,"[0.6193760633468628, 0.7450778484344482, 0.7033268809318542, 0.8869578242301941]",D00,2744.280568394879,"(522.2514152526855, 238.08652997016907)",51.076791286468506,53.72852325439453,230400,319,F,Grieta Vertical
,,,698,1422,,D44,918,0.3794214725494385,"[0.5536967515945435, 0.6297265291213989, 0.624701201915741, 0.754793643951416]",D44,2046.0261293022995,"(443.0464553833008, 212.1116316318512)",45.02416133880615,45.442848205566406,230400,162,F,Desenfoque de linea blanca
,,,699,1423,,D44,920,0.302081823348999,"[0.6378735303878784, 0.799074649810791, 0.7096120119094849, 0.9177938103675842]",D44,1962.2551232710975,"(549.3979072570801, 242.5473976135254)",42.73889780044556,45.912628173828125,230400,162,F,Desenfoque de linea blanca
,,,700,1424,,D00,921,0.3485872745513916,"[0.6131068468093872, 0.7414567470550537, 0.6982895135879517, 0.8919769525527954]",D00,2954.1225619250326,"(522.6987838745117, 236.051344871521)",54.18727397918701,54.51690673828125,230400,320,F,Grieta Vertical
,,,700,1424,,D44,922,0.2798035442829132,"[0.5512012243270874, 0.6393236517906189, 0.6201505064964294, 0.7605764865875244]",D44,1926.2121800243222,"(447.96804428100586, 210.84331154823303)",43.651020526885986,44.127540588378906,230400,162,F,Desenfoque de linea blanca
,,,701,1426,,D44,923,0.4518032670021057,"[0.5679073333740234, 0.6445372700691223, 0.6522750854492188, 0.7932500839233398]",D44,2890.728762545041,"(460.0919532775879, 219.6328353881836)",53.53661298751831,53.995361328125,230400,163,F,Desenfoque de linea blanca
,,,702,1430,,D44,924,0.3238418400287628,"[0.6243107914924622, 0.7327584028244019, 0.7459912300109863, 0.9191611409187317]",D44,5225.8330166104315,"(528.6142539978027, 246.65436387062073)",67.10498571395874,77.87548065185547,230400,164,F,Desenfoque de linea blanca
,,,703,1431,,D00,925,0.21532860398292542,"[0.5998273491859436, 0.6822033524513245, 0.6882717609405518, 0.8193208575248718]",D00,2794.1246386535568,"(480.4877471923828, 231.85783982276917)",49.36230182647705,56.60442352294922,230400,321,F,Grieta Vertical
,,,704,1432,,D44,926,0.34085068106651306,"[0.6477537155151367, 0.769225537776947, 0.751661479473114, 0.9186596274375916]",D44,3577.504231464991,"(540.1232528686523, 251.89473509788513)",53.79627227783203,66.50096893310547,230400,165,F,Desenfoque de linea blanca
,,,705,1433,,D00,927,0.2415791004896164,"[0.6114479899406433, 0.714277982711792, 0.7240580320358276, 0.883284866809845]",D00,4384.9433854443305,"(511.2201118469238, 240.39108395576477)",60.84247827529907,72.07042694091797,230400,322,F,Grieta Vertical
,,,706,1435,,D44,928,0.4092296063899994,"[0.548718273639679, 0.6447029709815979, 0.6296928524971008, 0.7881220579147339]",D44,2675.704357906943,"(458.5040092468262, 212.11400270462036)",51.630871295928955,51.82373046875,230400,166,F,Desenfoque de linea blanca
,,,707,1437,,D44,929,0.5565697550773621,"[0.5521628260612488, 0.7093288898468018, 0.6592047810554504, 0.9263285398483276]",D44,5351.746583628483,"(523.4103775024414, 218.04616928100586)",78.11987400054932,68.50685119628906,230400,167,F,Desenfoque de linea blanca
,,,708,1439,,D44,930,0.44502031803131104,"[0.5085694193840027, 0.730543851852417, 0.5915377736091614, 0.9424331784248352]",D44,4050.457045307303,"(535.3526496887207, 198.01929473876953)",76.28015756607056,53.09974670410156,230400,168,F,Desenfoque de linea blanca
,,,709,1444,,D44,931,0.2350301593542099,"[0.00021805762662552297, 0.547640323638916, 0.32504239678382874, 0.8858144283294678]",D44,25308.790289553563,"(458.7055206298828, 58.54688179388177)",121.74267768859863,207.88757706061006,230400,169,F,Desenfoque de linea blanca
,,,710,1445,,D20,932,0.27869564294815063,"[0.6711881756782532, 0.37733760476112366, 0.8735078573226929, 0.5341637134552002]",D20,7310.363531793837,"(291.68042182922363, 278.0452859401703)",56.457399129867554,129.4845962524414,230400,34,F,Piel de cocodrilo
,,,711,1446,,D44,933,0.3563942611217499,"[0.24807782471179962, 0.581630289554596, 0.39461666345596313, 0.9437264204025269]",D44,12225.288160099695,"(488.1141471862793, 115.6850078701973)",130.35460710525513,93.78485679626465,230400,170,F,Desenfoque de linea blanca
,,,712,1450,,D44,934,0.2321566641330719,"[0.0, 0.5857985019683838, 0.2543281316757202, 0.8994662761688232]",D44,18380.053780825983,"(475.28472900390625, 45.77906370162964)",112.9203987121582,162.77000427246094,230400,171,F,Desenfoque de linea blanca
,,,713,1452,,D44,935,0.5498862266540527,"[0.19492237269878387, 0.7324269413948059, 0.30695098638534546, 0.9490569829940796]",D44,5591.523051239915,"(538.0748558044434, 90.33720463514328)",77.98681497573853,71.69831275939941,230400,172,F,Desenfoque de linea blanca
,,,714,1509,,D20,936,0.3715396523475647,"[0.24946574866771698, 0.604515790939331, 0.5300911664962769, 0.9347640872001648]",D20,21352.56563528444,"(492.5695610046387, 140.3202447295189)",118.88938665390015,179.60026741027832,230400,35,F,Piel de cocodrilo
,,,715,1510,,D00,937,0.2466069608926773,"[0.4930163323879242, 0.7265677452087402, 0.6059777140617371, 0.9228083491325378]",D00,5107.4172886430915,"(527.800350189209, 197.81892836093903)",70.64661741256714,72.29528427124023,230400,323,F,Grieta Vertical
,,,716,1511,,D44,938,0.3125890791416168,"[0.00021257399930618703, 0.574765682220459, 0.25737231969833374, 0.9542731642723083]",D44,22485.66856135646,"(489.29243087768555, 46.36528086557519)",136.62269353866577,164.58223724737763,230400,173,F,Desenfoque de linea blanca
,,,717,1512,,D44,939,0.2202243059873581,"[0.0001497745543019846, 0.576127290725708, 0.2781065106391907, 0.9534956216812134]",D44,24167.132829894374,"(489.47933197021484, 50.08613133482868)",135.85259914398193,177.89231109432876,230400,173,F,Desenfoque de linea blanca
,,,718,1522,,D44,940,0.3001125156879425,"[0.5763360261917114, 0.5324364304542542, 0.7255088090896606, 0.9165458083152771]",D44,13201.612377460697,"(463.67431640625, 234.33207035064697)",138.27937602996826,95.4705810546875,230400,174,F,Desenfoque de linea blanca
,,,719,1524,,D44,941,0.45799773931503296,"[0.22186794877052307, 0.5754066705703735, 0.4225955009460449, 0.9356279969215393]",D44,16659.381906406496,"(483.5310935974121, 116.00342094898224)",129.67967748641968,128.46563339233398,230400,175,F,Desenfoque de linea blanca
,,,719,1524,,D44,942,0.3797227144241333,"[0.5350345373153687, 0.5056033134460449, 0.7449060678482056, 0.9192806482315063]",D44,20003.119579738268,"(455.9628677368164, 230.38930892944336)",148.9238405227661,134.31777954101562,230400,175,F,Desenfoque de linea blanca
,,,719,1524,,D44,943,0.2542683780193329,"[0.2233045995235443, 0.7392066717147827, 0.33115801215171814, 0.9360486268997192]",D44,4891.409652118455,"(536.0816955566406, 99.80327010154724)",70.86310386657715,69.02618408203125,230400,175,F,Desenfoque de linea blanca
,,,720,1525,,D44,944,0.7077947854995728,"[0.21612563729286194, 0.6352169513702393, 0.3726433217525482, 0.9369825720787048]",D44,10882.173589131799,"(503.1038475036621, 105.97841262817383)",108.63562345504761,100.17131805419922,230400,175,F,Desenfoque de linea blanca
,,,720,1525,,D44,945,0.21381253004074097,"[0.5219345092773438, 0.5144243836402893, 0.7235334515571594, 0.9135046005249023]",D44,18536.636069853103,"(456.9372749328613, 224.18423295021057)",143.6688780784607,129.02332305908203,230400,175,F,Desenfoque de linea blanca
,,,721,1539,,D00,946,0.258821040391922,"[0.4958914816379547, 0.673771321773529, 0.5515168309211731, 0.8851413130760193]",D00,2708.9348185018025,"(498.85204315185547, 188.533496260643)",76.09319686889648,35.600223541259766,230400,324,F,Grieta Vertical
,,,722,1541,,D00,947,0.27619171142578125,"[0.2730751037597656, 0.6375547647476196, 0.342818021774292, 0.8225526809692383]",D00,2972.6886536991515,"(467.23438262939453, 110.86076259613037)",66.59924983978271,44.635467529296875,230400,325,F,Grieta Vertical
,,,723,1546,,D00,948,0.3267202079296112,"[0.3151385188102722, 0.6366053223609924, 0.39722540974617004, 0.8888368606567383]",D00,4770.409599285495,"(488.1414985656738, 128.2255071401596)",90.8033537864685,52.53561019897461,230400,326,F,Grieta Vertical
,,,724,1548,,D00,949,0.2769065499305725,"[0.2997060716152191, 0.6310843229293823, 0.40396684408187866, 0.927367627620697]",D00,7117.223320187395,"(498.7046241760254, 126.6611248254776)",106.66198968887329,66.72689437866211,230400,327,F,Grieta Vertical
,,,725,1549,,D00,950,0.2821385860443115,"[0.30625200271606445, 0.6564568281173706, 0.3950985074043274, 0.9310248494148254]",D00,5620.471831630402,"(507.99413681030273, 126.24309182167053)",98.84448766708374,56.86176300048828,230400,327,F,Grieta Vertical
,,,726,1555,,D00,951,0.5380586981773376,"[0.3471984267234802, 0.7137227654457092, 0.3995017409324646, 0.832667350769043]",D00,1433.363562921295,"(494.8448371887207, 134.40603017807007)",42.82005071640015,33.47412109375,230400,328,F,Grieta Vertical
,,,727,1557,,D00,952,0.46131017804145813,"[0.18512363731861115, 0.7493855953216553, 0.2609559893608093, 0.8689743280410767]",D00,2089.4273003196304,"(517.8751754760742, 80.29433280229568)",43.0519437789917,48.532705307006836,230400,329,F,Grieta Vertical
,,,728,1558,,D00,953,0.41900435090065,"[0.37709301710128784, 0.635852038860321, 0.46202439069747925, 0.7846482992172241]",D00,2911.6732672715443,"(454.56010818481445, 151.04113340377808)",53.56665372848511,54.3560791015625,230400,329,F,Grieta Vertical
,,,729,1559,,D00,954,0.555833101272583,"[0.34856241941452026, 0.6455684900283813, 0.45395106077194214, 0.8658859133720398]",D00,5349.646981683327,"(483.66540908813477, 144.45242643356323)",79.31427240371704,67.44873046875,230400,329,F,Grieta Vertical
,,,729,1559,,D00,955,0.386197566986084,"[0.5942579507827759, 0.7095100283622742, 0.7466824054718018, 0.884328305721283]",D00,6139.372169346461,"(510.0282669067383, 241.36926412582397)",62.934579849243164,97.55165100097656,230400,329,F,Grieta Vertical
,,,730,1560,,D00,956,0.497170090675354,"[0.3178323209285736, 0.6458120346069336, 0.4461471438407898, 0.9366640448570251]",D00,8598.671813123156,"(506.3923454284668, 137.5163036584854)",104.70672369003296,82.12148666381836,230400,329,F,Grieta Vertical
,,,730,1560,,D00,957,0.20331598818302155,"[0.5790128707885742, 0.6266970634460449, 0.7393606305122375, 0.8832834959030151]",D00,9479.360936439298,"(483.1937789916992, 237.30723023414612)",92.37111568450928,102.62256622314453,230400,329,F,Grieta Vertical
,,,731,1561,,D00,958,0.29620301723480225,"[0.652884840965271, 0.6864475011825562, 0.7471460103988647, 0.8905305862426758]",D00,4432.230203761719,"(504.6329879760742, 252.00555324554443)",73.46991062164307,60.3271484375,230400,329,F,Grieta Vertical
,,,731,1561,,D00,959,0.2774209976196289,"[0.3213574290275574, 0.6698113083839417, 0.425584614276886, 0.9364698529243469]",D00,6403.52321743776,"(514.0099716186523, 134.4495677947998)",95.9970760345459,66.70539855957031,230400,329,F,Grieta Vertical
,,,732,1562,,D00,960,0.5483916401863098,"[0.34134921431541443, 0.6795997023582458, 0.41438063979148865, 0.9419986009597778]",D00,4415.239436134289,"(518.9114570617676, 136.03137373924255)",94.46360349655151,46.7401123046875,230400,329,F,Grieta Vertical
,,,732,1562,,D00,961,0.3824879825115204,"[0.5583996176719666, 0.6334898471832275, 0.751908540725708, 0.8679277300834656]",D00,10452.285444792778,"(480.4536247253418, 235.85546851158142)",84.3976378440857,123.84571075439453,230400,329,F,Grieta Vertical
,,,732,1562,,D10,962,0.21699197590351105,"[0.4822918772697449, 0.8146587610244751, 0.7273163795471191, 0.8817622065544128]",D10,3788.234114012903,"(542.8547096252441, 217.72948622703552)",24.157240390777588,156.81568145751953,230400,379,F,Grieta e Intervalo Lineal Transversal
,,,733,1563,,D00,963,0.30774080753326416,"[0.3361005187034607, 0.7053967118263245, 0.4005873203277588, 0.9452434778213501]",D00,3563.585468686233,"(528.2048606872559, 132.6038110256195)",86.34483575820923,41.27155303955078,230400,329,F,Grieta Vertical
,,,733,1563,,D00,964,0.20675501227378845,"[0.5528681874275208, 0.6492658853530884, 0.7800256609916687, 0.8543692827224731]",D00,10734.51330797252,"(481.1632537841797, 239.9208927154541)",73.83722305297852,145.3807830810547,230400,329,F,Grieta Vertical
,,,734,1564,,D00,965,0.27790355682373047,"[0.5402577519416809, 0.6647278070449829, 0.7524817585945129, 0.8962973952293396]",D00,11322.921789718384,"(499.5280647277832, 232.6931118965149)",83.36505174636841,135.8233642578125,230400,329,F,Grieta Vertical
,,,735,1565,,D10,966,0.21969769895076752,"[0.2407199591398239, 0.8289931416511536, 0.6073409914970398, 0.9095459580421448]",D10,6804.254984727504,"(556.3325119018555, 152.65097111463547)",28.999013900756836,234.63746070861816,230400,380,F,Grieta e Intervalo Lineal Transversal
,,,736,1568,,D00,967,0.36742860078811646,"[0.6694772839546204, 0.6776486039161682, 0.783582866191864, 0.8837875127792358]",D00,5419.376690128229,"(499.6595573425293, 261.5508270263672)",74.21000719070435,73.02757263183594,230400,330,F,Grieta Vertical
,,,737,1569,,D20,968,0.27933767437934875,"[0.5363430976867676, 0.6521116495132446, 0.7456782460212708, 0.9262673258781433]",D20,13222.752578747622,"(505.08127212524414, 230.7638418674469)",98.69604349136353,133.97449493408203,230400,36,F,Piel de cocodrilo
,,,738,1570,,D20,969,0.48436835408210754,"[0.4656051695346832, 0.5959374904632568, 0.6762582659721375, 0.9331108331680298]",D20,16364.530639164059,"(489.2954635620117, 205.53541839122772)",121.38240337371826,134.8179817199707,230400,36,F,Piel de cocodrilo
,,,739,1571,,D20,970,0.30536502599716187,"[0.38768965005874634, 0.601561963558197, 0.564560055732727, 0.9420798420906067]",D20,13876.424136638343,"(493.9653778076172, 171.4049470424652)",122.58643627166748,113.19705963134766,230400,36,F,Piel de cocodrilo
,,,740,1574,,D00,971,0.2955873906612396,"[0.4469882845878601, 0.6652228236198425, 0.4787307679653168, 0.7745034098625183]",D00,799.2200891028915,"(460.71239471435547, 166.62942945957184)",39.34101104736328,20.315189361572266,230400,331,F,Grieta Vertical
,,,741,1575,,D00,972,0.48072880506515503,"[0.43940600752830505, 0.7627071738243103, 0.4960390031337738, 0.9389594197273254]",D00,2299.781990633346,"(544.5333099365234, 168.3801019191742)",63.45080852508545,36.2451171875,230400,331,F,Grieta Vertical
,,,742,1576,,D00,973,0.27376800775527954,"[0.4222363829612732, 0.7959360480308533, 0.45801854133605957, 0.9380596876144409]",D00,1171.6970297197804,"(554.8786354064941, 158.4458863735199)",51.16451025009155,22.90058135986328,230400,331,F,Grieta Vertical
,,,743,1577,,D00,974,0.37980344891548157,"[0.386212021112442, 0.5868299007415771, 0.43876948952674866, 0.9308302402496338]",D00,4165.582919778535,"(485.6512451171875, 148.49667191505432)",123.84012222290039,33.63677978515625,230400,331,F,Grieta Vertical
,,,744,1578,,D00,975,0.4914685785770416,"[0.37908032536506653, 0.6614409685134888, 0.4365311563014984, 0.9319716691970825]",D00,3580.9260014793836,"(509.8920440673828, 146.8100666999817)",97.39105224609375,36.768531799316406,230400,331,F,Grieta Vertical
,,,745,1579,,D20,976,0.3490643799304962,"[0.35306107997894287, 0.6627029180526733, 0.4654674530029297, 0.9351503252983093]",D20,7055.95965425764,"(511.31303787231445, 147.33513593673706)",98.08106660842896,71.94007873535156,230400,37,F,Piel de cocodrilo
,,,746,1581,,D00,977,0.5556517839431763,"[0.34241461753845215, 0.6185099482536316, 0.4115169942378998, 0.9206978678703308]",D00,4811.190556118527,"(492.54650115966797, 135.70769011974335)",108.78765106201172,44.225521087646484,230400,332,F,Grieta Vertical
,,,747,1582,,D00,978,0.28454941511154175,"[0.3499911427497864, 0.6521344780921936, 0.40948715806007385, 0.9465163350105286]",D00,4035.35173623186,"(511.5682601928711, 136.70609414577484)",105.97746849060059,38.077449798583984,230400,332,F,Grieta Vertical
,,,748,1583,,D00,979,0.2762429416179657,"[0.3563980758190155, 0.7802826166152954, 0.3952847719192505, 0.9259005784988403]",D00,1304.6633695874334,"(545.9786224365234, 135.30291259288788)",52.42246627807617,24.88748550415039,230400,332,F,Grieta Vertical
,,,749,1584,,D20,980,0.34211328625679016,"[0.3584253787994385, 0.7345942258834839, 0.48352256417274475, 0.914246141910553]",D20,5177.9978592555835,"(527.6289176940918, 151.55062973499298)",64.67468976974487,80.06219863891602,230400,38,F,Piel de cocodrilo
,,,750,1585,,D00,981,0.43182364106178284,"[0.338264137506485, 0.7289059162139893, 0.41072526574134827, 0.9453921914100647]",D00,3614.247877955495,"(535.7753944396973, 134.81809258460999)",77.93505907058716,46.3751220703125,230400,333,F,Grieta Vertical
,,,751,1587,,D00,982,0.2633346617221832,"[0.3784286677837372, 0.7519448399543762, 0.4301023483276367, 0.9325095415115356]",D00,2149.733999409227,"(539.0254020690918, 145.5355829000473)",65.00329256057739,33.0711555480957,230400,334,F,Grieta Vertical
,,,752,1589,,D00,983,0.4472179710865021,"[0.37023669481277466, 0.6561273336410522, 0.43420201539993286, 0.9435561299324036]",D00,4236.013463214476,"(511.89870834350586, 144.79896783828735)",103.47436666488647,40.93780517578125,230400,335,F,Grieta Vertical
,,,753,1592,,D10,984,0.2692117989063263,"[0.39075207710266113, 0.8084821701049805, 0.5808812379837036, 0.9027567505836487]",D10,4129.769520880473,"(547.5964546203613, 174.89399671554565)",33.93884897232056,121.68266296386719,230400,381,F,Grieta e Intervalo Lineal Transversal
,,,754,1593,,D00,985,0.452385812997818,"[0.32601338624954224, 0.6267563700675964, 0.42921504378318787, 0.8503332138061523]",D00,5316.1345981347495,"(472.6686668395996, 135.94111740589142)",80.48766374588013,66.0490608215332,230400,336,F,Grieta Vertical
,,,755,1594,,D00,986,0.2763828635215759,"[0.30958324670791626, 0.6762009263038635, 0.3991278409957886, 0.9516577124595642]",D00,5682.969483299348,"(520.9147644042969, 127.56799578666687)",99.16444301605225,57.30854034423828,230400,336,F,Grieta Vertical
,,,756,1595,,D44,987,0.23483148217201233,"[0.5320588946342468, 0.6513404250144958, 0.6867613792419434, 0.9213501214981079]",D44,9624.07777862818,"(503.2609748840332, 219.38764929771423)",97.20349073410034,99.00959014892578,230400,176,F,Desenfoque de linea blanca
,,,757,1600,,D44,988,0.2802421450614929,"[0.08748440444469452, 0.5235258340835571, 0.4075619578361511, 0.935189962387085]",D44,30358.528590279137,"(466.78905487060547, 89.10834521055222)",148.19908618927002,204.84963417053223,230400,177,F,Desenfoque de linea blanca
,,,758,1609,,D00,989,0.24399250745773315,"[0.5994280576705933, 0.8021101355552673, 0.6324596405029297, 0.9007683396339417]",D00,750.8359618823306,"(544.9211120605469, 221.73978567123413)",35.516953468322754,21.140213012695312,230400,337,F,Grieta Vertical
,,,759,1617,,D00,990,0.2831883132457733,"[0.4437263607978821, 0.8072018027305603, 0.58104008436203, 0.9292541742324829]",D00,3861.380874415954,"(555.6659126281738, 184.45796012878418)",43.93885374069214,87.88078308105469,230400,338,F,Grieta Vertical
,,,759,1617,,D00,991,0.24423213303089142,"[0.44082292914390564, 0.6952836513519287, 0.6923395395278931, 0.932011604309082]",D00,13718.249236436714,"(520.7344818115234, 203.96924436092377)",85.2220630645752,160.97063064575195,230400,338,F,Grieta Vertical
,,,760,1620,,D44,992,0.32732388377189636,"[0.23907499015331268, 0.5625877976417542, 0.613395094871521, 0.9290608763694763]",D44,31605.866773808295,"(477.32757568359375, 153.44461530447006)",131.93030834197998,239.56486701965332,230400,178,F,Desenfoque de linea blanca
,,,760,1620,,D44,993,0.24426895380020142,"[0.08184640109539032, 0.6201156973838806, 0.16156744956970215, 0.9367741942405701]",D44,5816.297635825504,"(498.2047653198242, 43.814493119716644)",113.9970588684082,51.02147102355957,230400,178,F,Desenfoque de linea blanca
,,,761,1701,,D20,994,0.2049671709537506,"[0.23403587937355042, 0.598282516002655, 0.3470688760280609, 0.9448432326316833]",D20,9025.41227289148,"(493.8002395629883, 104.59885597229004)",124.7618579864502,72.34111785888672,230400,39,F,Piel de cocodrilo
,,,762,1705,,D44,995,0.45585766434669495,"[0.15192027390003204, 0.549181342124939, 0.3442454934120178, 0.9347596764564514]",D44,17085.643266671763,"(474.8611259460449, 89.30983811616898)",138.80820035934448,123.0881404876709,230400,179,F,Desenfoque de linea blanca
,,,763,1706,,D44,996,0.2534649074077606,"[0.11508190631866455, 0.5566543936729431, 0.34390881657600403, 0.9472997188568115]",D44,20595.493501815916,"(481.2653160095215, 82.61833012104034)",140.63231706619263,146.44922256469727,230400,179,F,Desenfoque de linea blanca
,,,764,1724,,D10,997,0.23279376327991486,"[0.19891352951526642, 0.7300081253051758, 0.36448508501052856, 0.7888298630714417]",D10,2243.9132049934187,"(486.0281562805176, 101.4117506146431)",21.175825595855713,105.96579551696777,230400,382,F,Grieta e Intervalo Lineal Transversal
,,,765,1745,,D10,998,0.20210735499858856,"[0.19815422594547272, 0.7296174764633179, 0.366288423538208, 0.7870115637779236]",D10,2223.338991484866,"(485.32129287719727, 101.59967690706253)",20.661871433258057,107.60588645935059,230400,383,F,Grieta e Intervalo Lineal Transversal
,,,766,1746,,D10,999,0.231811061501503,"[0.19896765053272247, 0.7318106889724731, 0.36684030294418335, 0.7865588665008545]",D10,2117.5422972786237,"(485.87825775146484, 101.84543162584305)",19.709343910217285,107.43849754333496,230400,383,F,Grieta e Intervalo Lineal Transversal
,,,767,1747,,D10,1000,0.24250788986682892,"[0.20151671767234802, 0.7304322719573975, 0.3632698655128479, 0.7856148481369019]",D10,2056.540124847288,"(485.1350784301758, 101.66158497333527)",19.865727424621582,103.52201461791992,230400,383,F,Grieta e Intervalo Lineal Transversal
,,,768,1748,,D10,1001,0.2355496734380722,"[0.20188775658607483, 0.7306880354881287, 0.35479825735092163, 0.7845956683158875]",D10,1899.197137322517,"(484.89078521728516, 100.20348250865936)",19.406747817993164,97.86272048950195,230400,383,F,Grieta e Intervalo Lineal Transversal
,,,769,1753,,D44,1002,0.24241390824317932,"[0.2710466980934143, 0.7013097405433655, 0.30828356742858887, 0.7936911582946777]",D44,792.5747977275932,"(478.4002876281738, 104.27944779396057)",33.25731039047241,23.83159637451172,230400,180,F,Desenfoque de linea blanca
,,,770,1790,,D44,1003,0.20658396184444427,"[0.19531726837158203, 0.5434951186180115, 0.49729079008102417, 0.9422752261161804]",D44,27745.006106624714,"(475.4465103149414, 124.66945052146912)",143.56083869934082,193.26305389404297,230400,181,F,Desenfoque de linea blanca
